-- phpMyAdmin SQL Dump
-- version 5.2.1
-- https://www.phpmyadmin.net/
--
-- Servidor: 127.0.0.1
-- Tiempo de generación: 06-02-2024 a las 15:45:02
-- Versión del servidor: 10.4.28-MariaDB
-- Versión de PHP: 8.2.4

SET SQL_MODE = "NO_AUTO_VALUE_ON_ZERO";
START TRANSACTION;
SET time_zone = "+00:00";


/*!40101 SET @OLD_CHARACTER_SET_CLIENT=@@CHARACTER_SET_CLIENT */;
/*!40101 SET @OLD_CHARACTER_SET_RESULTS=@@CHARACTER_SET_RESULTS */;
/*!40101 SET @OLD_COLLATION_CONNECTION=@@COLLATION_CONNECTION */;
/*!40101 SET NAMES utf8mb4 */;

--
-- Base de datos: `proyecto_integrador`
--

-- --------------------------------------------------------

--
-- Estructura de tabla para la tabla `categories`
--

CREATE TABLE `categories` (
  `id` varchar(20) NOT NULL,
  `type` varchar(40) DEFAULT NULL,
  `ages` varchar(6) DEFAULT NULL
) ENGINE=InnoDB DEFAULT CHARSET=utf8mb4 COLLATE=utf8mb4_general_ci;

--
-- Volcado de datos para la tabla `categories`
--

INSERT INTO `categories` (`id`, `type`, `ages`) VALUES
('02f8wll37kw4', 'Cadete Masculino', '15-17'),
('04g4fhb62fn9', 'Cadete Femenino', '15-17'),
('20g9ofq49jj1', 'Junior Masculino', '18-20'),
('20s0tqp46hc5', 'Junior Femenino', '18-20'),
('24q4jjp22ue1', 'Senior Masculino', '21'),
('41e1khc20eh1', 'Senior Femenino', '21'),
('62r1uem02dl2', 'Promesa Masculino', '21-39'),
('63b1rvo95yo8', 'Promesa Femenino', '21-39'),
('75g8gux37hj6', 'Veterana A Masculino', '40-51'),
('76d0jcz21ba6', 'Veterana A Femenino', '40-51'),
('84c4uht30ds9', 'Veterana B Masculino', '>51'),
('88f6jqs30yu7', 'Veterana B Femenino', '>51');

-- --------------------------------------------------------

--
-- Estructura de tabla para la tabla `favourites`
--

CREATE TABLE `favourites` (
  `id_user` varchar(20) NOT NULL,
  `id_race` varchar(20) NOT NULL
) ENGINE=InnoDB DEFAULT CHARSET=utf8mb4 COLLATE=utf8mb4_general_ci;

--
-- Volcado de datos para la tabla `favourites`
--

INSERT INTO `favourites` (`id_user`, `id_race`) VALUES
('8e0095f8b4e5f08a9602', '1f27aec189ec19fb4b7f'),
('8e0095f8b4e5f08a9602', '529fae71f05f9512c86c'),
('8e0095f8b4e5f08a9602', '7578dcc71cc3f9cf9df5');

-- --------------------------------------------------------

--
-- Estructura de tabla para la tabla `modalities`
--

CREATE TABLE `modalities` (
  `id` varchar(20) NOT NULL,
  `type` varchar(40) DEFAULT NULL,
  `first_prize` float DEFAULT NULL,
  `second_prize` float DEFAULT NULL,
  `third_prize` float DEFAULT NULL
) ENGINE=InnoDB DEFAULT CHARSET=utf8mb4 COLLATE=utf8mb4_general_ci;

--
-- Volcado de datos para la tabla `modalities`
--

INSERT INTO `modalities` (`id`, `type`, `first_prize`, `second_prize`, `third_prize`) VALUES
('00p9ajk35ew0', 'Maraton', 291.77, 152, 142.55),
('01j5gic48lj6', 'Cross Country', 298, 163.62, 132.19),
('43o0aja32wa6', 'Trail Running', 291.98, 243.82, 96.03),
('99r4osm75ys5', 'Ultra Maraton', 262.42, 166.19, 135.83);

-- --------------------------------------------------------

--
-- Estructura de tabla para la tabla `older_clasifications`
--

CREATE TABLE `older_clasifications` (
  `id` varchar(20) NOT NULL,
  `winner` varchar(40) DEFAULT NULL,
  `second_place` varchar(40) DEFAULT NULL,
  `third_place` varchar(40) DEFAULT NULL,
  `year_race` year(4) DEFAULT NULL,
  `time_race` time DEFAULT NULL,
  `id_race` varchar(20) DEFAULT NULL
) ENGINE=InnoDB DEFAULT CHARSET=utf8mb4 COLLATE=utf8mb4_general_ci;

--
-- Volcado de datos para la tabla `older_clasifications`
--

INSERT INTO `older_clasifications` (`id`, `winner`, `second_place`, `third_place`, `year_race`, `time_race`, `id_race`) VALUES
('831689abe307fed3d833', 'Adrian', 'Juan', 'David', '2023', '10:09:10', '7578dcc71cc3f9cf9df5'),
('8b80dd7b769c3cd164c3', 'El', 'Ese', 'asd', '2022', '12:12:12', '7578dcc71cc3f9cf9df5'),
('dbfa46a8537e6d15e68e', 'Alguno', 'Ninguno', 'Todos', '2023', '01:43:23', '7578dcc71cc3f9cf9df5'),
('f3044d3364b1b54da8b5', 'Sabra el', 'Sabra ella', 'Sabran ellos', '2021', '00:00:00', '7578dcc71cc3f9cf9df5');

-- --------------------------------------------------------

--
-- Estructura de tabla para la tabla `older_photos`
--

CREATE TABLE `older_photos` (
  `id` varchar(20) NOT NULL,
  `url` varchar(500) DEFAULT NULL,
  `id_race` varchar(20) DEFAULT NULL
) ENGINE=InnoDB DEFAULT CHARSET=utf8mb4 COLLATE=utf8mb4_general_ci;

--
-- Volcado de datos para la tabla `older_photos`
--

INSERT INTO `older_photos` (`id`, `url`, `id_race`) VALUES
('187d969c632f32709f75', 'prueba mapa3.png', 'fb2f29922115fe543f66'),
('25d7428466ab77d1892b', 'valporquero2.png', '7578dcc71cc3f9cf9df5'),
('358fcaf6ebc10788a309', 'prueba organizador0.png', '529fae71f05f9512c86c'),
('4b73d3f5b5dceef96e16', 'la magdalena6.png', '1f27aec189ec19fb4b7f'),
('50ccd366bdc570c22067', 'prueba mapa0.png', 'fb2f29922115fe543f66'),
('6b51cf8baf455deb06ec', 'la magdalena1.png', '1f27aec189ec19fb4b7f'),
('75cf7ccf0f1df8ee315a', 'la magdalena7.png', '1f27aec189ec19fb4b7f'),
('76672368e14309f94430', 'la magdalena0.png', '1f27aec189ec19fb4b7f'),
('8a6aad50b00d4debff29', 'valporquero0.png', '7578dcc71cc3f9cf9df5'),
('93e09a5586994e169234', 'prueba organizador1.png', '529fae71f05f9512c86c'),
('9bdbe68c861e53659320', 'la magdalena4.png', '1f27aec189ec19fb4b7f'),
('a25f3b845422a5dc9c2f', 'la magdalena8.png', '1f27aec189ec19fb4b7f'),
('a3fc1731c0397a587729', 'la magdalena11.png', '1f27aec189ec19fb4b7f'),
('a752ae0cbb665251b4f1', 'prueba organizador2.png', '529fae71f05f9512c86c'),
('aaafae93afbae4f9c74f', 'la magdalena3.png', '1f27aec189ec19fb4b7f'),
('ab950b4a70996c67c0ab', 'la magdalena13.png', '1f27aec189ec19fb4b7f'),
('ada13d7a3b79bd9f5457', 'la magdalena2.png', '1f27aec189ec19fb4b7f'),
('b40123abf861271cc14e', 'valporquero1.png', '7578dcc71cc3f9cf9df5'),
('b8078d52fd539a4a0086', 'la magdalena9.png', '1f27aec189ec19fb4b7f'),
('b9f941f0ce3aacd217f9', 'la magdalena12.png', '1f27aec189ec19fb4b7f'),
('bfd84fd52240c348b622', 'la magdalena10.png', '1f27aec189ec19fb4b7f'),
('e3b56ee2177f40476449', 'la magdalena5.png', '1f27aec189ec19fb4b7f'),
('f7b325d0a36a6ecb07c7', 'prueba mapa1.png', 'fb2f29922115fe543f66'),
('fbc6997c49691c3d79ff', 'prueba mapa2.png', 'fb2f29922115fe543f66');

-- --------------------------------------------------------

--
-- Estructura de tabla para la tabla `organizers`
--

CREATE TABLE `organizers` (
  `id_user` varchar(20) NOT NULL,
  `phone` float DEFAULT NULL,
  `club` varchar(100) DEFAULT NULL
) ENGINE=InnoDB DEFAULT CHARSET=utf8mb4 COLLATE=utf8mb4_general_ci;

--
-- Volcado de datos para la tabla `organizers`
--

INSERT INTO `organizers` (`id_user`, `phone`, `club`) VALUES
('3075209b343f2d7bac91', 123298000, 'ESLA'),
('8e0095f8b4e5f08a9602', 120349000, 'IES San Andres');

-- --------------------------------------------------------

--
-- Estructura de tabla para la tabla `races`
--

CREATE TABLE `races` (
  `id` varchar(20) NOT NULL,
  `name` varchar(60) DEFAULT NULL,
  `race_day` date DEFAULT NULL,
  `positive_slope` float DEFAULT NULL,
  `negative_slope` float DEFAULT NULL,
  `total_slope` float DEFAULT NULL,
  `distance` float DEFAULT NULL,
  `poblation` varchar(50) DEFAULT NULL,
  `main_photo` varchar(100) DEFAULT NULL,
  `regulation` varchar(100) DEFAULT NULL,
  `webRef` varchar(20) DEFAULT NULL,
  `coor` longtext DEFAULT NULL,
  `id_category` varchar(20) DEFAULT NULL,
  `id_modality` varchar(20) DEFAULT NULL,
  `id_organizer` varchar(20) DEFAULT NULL
) ENGINE=InnoDB DEFAULT CHARSET=utf8mb4 COLLATE=utf8mb4_general_ci;

--
-- Volcado de datos para la tabla `races`
--

INSERT INTO `races` (`id`, `name`, `race_day`, `positive_slope`, `negative_slope`, `total_slope`, `distance`, `poblation`, `main_photo`, `regulation`, `webRef`, `coor`, `id_category`, `id_modality`, `id_organizer`) VALUES
('1f27aec189ec19fb4b7f', 'La Magdalena', '2024-02-11', 1506.7, 1506.3, 3013, 54, 'Leon', 'la magdalena.png', 'la magdalena.pdf', 'www.google.com', '[[42.804963,-5.631211],[42.804614,-5.630733],[42.804378,-5.630328],[42.804071,-5.629886],[42.803664,-5.629607],[42.8034,-5.628979],[42.802955,-5.629003],[42.802377,-5.629148],[42.801774,-5.629266],[42.801122,-5.629158],[42.799658,-5.628789],[42.798845,-5.628666],[42.798372,-5.628432],[42.798875,-5.627954],[42.799451,-5.627737],[42.799992,-5.627476],[42.80046,-5.626781],[42.800666,-5.625758],[42.800534,-5.624659],[42.800425,-5.623447],[42.800566,-5.622415],[42.800838,-5.621429],[42.801048,-5.62041],[42.80117,-5.619373],[42.801103,-5.618357],[42.8014,-5.617384],[42.801509,-5.616365],[42.801643,-5.61524],[42.801775,-5.614111],[42.801889,-5.613106],[42.801997,-5.612121],[42.802122,-5.611058],[42.802245,-5.609979],[42.802359,-5.609004],[42.802473,-5.608019],[42.802585,-5.607047],[42.802698,-5.606092],[42.802812,-5.605081],[42.802875,-5.604161],[42.802869,-5.603298],[42.802866,-5.602392],[42.802862,-5.601501],[42.802939,-5.600542],[42.803111,-5.599658],[42.803292,-5.598784],[42.80347,-5.597911],[42.80363,-5.597058],[42.803821,-5.596136],[42.804041,-5.595096],[42.804239,-5.594153],[42.804413,-5.593297],[42.804575,-5.592501],[42.804748,-5.591665],[42.804946,-5.590672],[42.805166,-5.5896],[42.805354,-5.588682],[42.805514,-5.587858],[42.805716,-5.586961],[42.805988,-5.586004],[42.806156,-5.585051],[42.806272,-5.584099],[42.806467,-5.583223],[42.80673,-5.582466],[42.807014,-5.581711],[42.807306,-5.58093],[42.807608,-5.580118],[42.807919,-5.579296],[42.808281,-5.578364],[42.808662,-5.577356],[42.809106,-5.576331],[42.809629,-5.575139],[42.809767,-5.573736],[42.809527,-5.572617],[42.809137,-5.571731],[42.808922,-5.570778],[42.808932,-5.569815],[42.809142,-5.568914],[42.809444,-5.56797],[42.809764,-5.56695],[42.810152,-5.565882],[42.810812,-5.564786],[42.811435,-5.563824],[42.812053,-5.562884],[42.812761,-5.561979],[42.813758,-5.561358],[42.814891,-5.560796],[42.815854,-5.560317],[42.816563,-5.559932],[42.817209,-5.559133],[42.818053,-5.558038],[42.818822,-5.557039],[42.819573,-5.55607],[42.820313,-5.555104],[42.821047,-5.554151],[42.821794,-5.553184],[42.8226,-5.552143],[42.823403,-5.5511],[42.824145,-5.550134],[42.824871,-5.549191],[42.825699,-5.54812],[42.82642,-5.546866],[42.826802,-5.545334],[42.8275,-5.543989],[42.828141,-5.542781],[42.828756,-5.541605],[42.82895,-5.540173],[42.829163,-5.538469],[42.829686,-5.53698],[42.830271,-5.535292],[42.83081,-5.533683],[42.831361,-5.532045],[42.831926,-5.530374],[42.832527,-5.528595],[42.833091,-5.526923],[42.833601,-5.525418],[42.834216,-5.523746],[42.834957,-5.52179],[42.835585,-5.519887],[42.836055,-5.518285],[42.836482,-5.516865],[42.836904,-5.515557],[42.837326,-5.514302],[42.837728,-5.513103],[42.838027,-5.512036],[42.838347,-5.512695],[42.838878,-5.51392],[42.839383,-5.515147],[42.839683,-5.516434],[42.839894,-5.517754],[42.840281,-5.518821],[42.840952,-5.519591],[42.841615,-5.520316],[42.842347,-5.520733],[42.843173,-5.521173],[42.843936,-5.521511],[42.844744,-5.521815],[42.845665,-5.522179],[42.846383,-5.522456],[42.847172,-5.522764],[42.847999,-5.523033],[42.848812,-5.523184],[42.849614,-5.523342],[42.850475,-5.523499],[42.8513,-5.523648],[42.85211,-5.5237],[42.852767,-5.523225],[42.853491,-5.522574],[42.854136,-5.521933],[42.854857,-5.521392],[42.855478,-5.520708],[42.855853,-5.519743],[42.856523,-5.51916],[42.857268,-5.519042],[42.858163,-5.51899],[42.858989,-5.519031],[42.859843,-5.518976],[42.860644,-5.518889],[42.861405,-5.518899],[42.862204,-5.518795],[42.863023,-5.518912],[42.863788,-5.519225],[42.864393,-5.519947],[42.864963,-5.520692],[42.86567,-5.520998],[42.866357,-5.521237],[42.867031,-5.521489],[42.867721,-5.521911],[42.868354,-5.52194],[42.86896,-5.522096],[42.869578,-5.52235],[42.870526,-5.522701],[42.871308,-5.522988],[42.872161,-5.523291],[42.872997,-5.523788],[42.873736,-5.52441],[42.874561,-5.525087],[42.87549,-5.525312],[42.876272,-5.525329],[42.877027,-5.525342],[42.877823,-5.525389],[42.878485,-5.525436],[42.8791,-5.525492],[42.879713,-5.525584],[42.880251,-5.525796],[42.880839,-5.526046],[42.881451,-5.526409],[42.881799,-5.527416],[42.881751,-5.528687],[42.881354,-5.529998],[42.881859,-5.531252],[42.882378,-5.532138],[42.883054,-5.533118],[42.883709,-5.533933],[42.884309,-5.534452],[42.88463,-5.534766],[42.884916,-5.535403],[42.885455,-5.536303],[42.885598,-5.537273],[42.885805,-5.538257],[42.885955,-5.539252],[42.886178,-5.540189],[42.886422,-5.540968],[42.886326,-5.541807],[42.886166,-5.542646],[42.886114,-5.54347],[42.886072,-5.544327],[42.885954,-5.545232],[42.885821,-5.546058],[42.885705,-5.546822],[42.885642,-5.547478],[42.885538,-5.548147],[42.885477,-5.548817],[42.885273,-5.549482],[42.885005,-5.550251],[42.884952,-5.551078],[42.884495,-5.552126],[42.884088,-5.553074],[42.883812,-5.554016],[42.883649,-5.555056],[42.883487,-5.555976],[42.883714,-5.556551],[42.8839,-5.5571],[42.88419,-5.557389],[42.884661,-5.557778],[42.885333,-5.558336],[42.885982,-5.558635],[42.885906,-5.557935],[42.885767,-5.557335],[42.885771,-5.556922],[42.885982,-5.55742],[42.886181,-5.557866],[42.886401,-5.558273],[42.88666,-5.558544],[42.886892,-5.558853],[42.886835,-5.559352],[42.88676,-5.559831],[42.886852,-5.560328],[42.88695,-5.56078],[42.887055,-5.561305],[42.886994,-5.562023],[42.887078,-5.562507],[42.887081,-5.563124],[42.887164,-5.563654],[42.887287,-5.564079],[42.887485,-5.564297],[42.887748,-5.564445],[42.887991,-5.564607],[42.888251,-5.564751],[42.888445,-5.564965],[42.888346,-5.565568],[42.8883,-5.566132],[42.88842,-5.566732],[42.888499,-5.567621],[42.88873,-5.56859],[42.889125,-5.56905],[42.889448,-5.569241],[42.889684,-5.569593],[42.889683,-5.570298],[42.889545,-5.570695],[42.889562,-5.571047],[42.889582,-5.571382],[42.889636,-5.571791],[42.889839,-5.572216],[42.889913,-5.572861],[42.889786,-5.573479],[42.889528,-5.574048],[42.889272,-5.574618],[42.889497,-5.575191],[42.889684,-5.575815],[42.889812,-5.576344],[42.889872,-5.576905],[42.889901,-5.577508],[42.889953,-5.578098],[42.890094,-5.578577],[42.890216,-5.579029],[42.89041,-5.57958],[42.89054,-5.58044],[42.890532,-5.581055],[42.890325,-5.581681],[42.890089,-5.582002],[42.88981,-5.582386],[42.889781,-5.583014],[42.889825,-5.583447],[42.889907,-5.583912],[42.889985,-5.584293],[42.890057,-5.584691],[42.890087,-5.58521],[42.889963,-5.585721],[42.889862,-5.586211],[42.889708,-5.586822],[42.889555,-5.587433],[42.889157,-5.587789],[42.889103,-5.588347],[42.889095,-5.588912],[42.888895,-5.589444],[42.888552,-5.590019],[42.888426,-5.591029],[42.888526,-5.592157],[42.889087,-5.593817],[42.88931,-5.59533],[42.889982,-5.596405],[42.891041,-5.59815],[42.892267,-5.5989],[42.891542,-5.599637],[42.890722,-5.60016],[42.889695,-5.600719],[42.88907,-5.601745],[42.888862,-5.603261],[42.888897,-5.604481],[42.888849,-5.605419],[42.8889,-5.606256],[42.889166,-5.606749],[42.889457,-5.607454],[42.889414,-5.608449],[42.889557,-5.60934],[42.889739,-5.610192],[42.889903,-5.610861],[42.890203,-5.611334],[42.890482,-5.611828],[42.89054,-5.6125],[42.890387,-5.613226],[42.890198,-5.614048],[42.889881,-5.614727],[42.88975,-5.615526],[42.889649,-5.616457],[42.890371,-5.617608],[42.891765,-5.619323],[42.893061,-5.621491],[42.895015,-5.622919],[42.896918,-5.622357],[42.898021,-5.621617],[42.89711,-5.623667],[42.895755,-5.624951],[42.89387,-5.625982],[42.892749,-5.628017],[42.892147,-5.631007],[42.892544,-5.633913],[42.892956,-5.636743],[42.892561,-5.638039],[42.892745,-5.63944],[42.892341,-5.640308],[42.892298,-5.640383],[42.891858,-5.64021],[42.891137,-5.640008],[42.890225,-5.639969],[42.88974,-5.640307],[42.888901,-5.640314],[42.887809,-5.64028],[42.886691,-5.640229],[42.885726,-5.639916],[42.884789,-5.63921],[42.883891,-5.638385],[42.882809,-5.637648],[42.881535,-5.637484],[42.880498,-5.637907],[42.879879,-5.639119],[42.879226,-5.640642],[42.878136,-5.641095],[42.877232,-5.640879],[42.876358,-5.640631],[42.875508,-5.640524],[42.874591,-5.640709],[42.873595,-5.640935],[42.872594,-5.641532],[42.872445,-5.641675],[42.872445,-5.641675],[42.869939,-5.6451],[42.869736,-5.647126],[42.869346,-5.649447],[42.869307,-5.651826],[42.869384,-5.653993],[42.869414,-5.656012],[42.869383,-5.657963],[42.869312,-5.659763],[42.869223,-5.661494],[42.869048,-5.663319],[42.868941,-5.66524],[42.868897,-5.667187],[42.868365,-5.668967],[42.867379,-5.670292],[42.866153,-5.670836],[42.866045,-5.670856],[42.863546,-5.671791],[42.862491,-5.672654],[42.861825,-5.674075],[42.86199,-5.675694],[42.862724,-5.6771],[42.862911,-5.678711],[42.863555,-5.679806],[42.863986,-5.680313],[42.863898,-5.680317],[42.863924,-5.680336],[42.864048,-5.680398],[42.864761,-5.680811],[42.865565,-5.681266],[42.866457,-5.681577],[42.867458,-5.68154],[42.868409,-5.681716],[42.869094,-5.682531],[42.869494,-5.683384],[42.869536,-5.684169],[42.869442,-5.684922],[42.869779,-5.685681],[42.87036,-5.686483],[42.870422,-5.687642],[42.870522,-5.688817],[42.870738,-5.690069],[42.87095,-5.691344],[42.871158,-5.692627],[42.871405,-5.693925],[42.871648,-5.695193],[42.871771,-5.696571],[42.871859,-5.697789],[42.871921,-5.698591],[42.871991,-5.699537],[42.872132,-5.700582],[42.872555,-5.701547],[42.873042,-5.702803],[42.873085,-5.704317],[42.873278,-5.705742],[42.873488,-5.70711],[42.873566,-5.708465],[42.87355,-5.709812],[42.873429,-5.711112],[42.873685,-5.712319],[42.874071,-5.713535],[42.874505,-5.714661],[42.874705,-5.715754],[42.874625,-5.717034],[42.874599,-5.718335],[42.874593,-5.719577],[42.875008,-5.720636],[42.875471,-5.721731],[42.875819,-5.722901],[42.876147,-5.724015],[42.876523,-5.725109],[42.877027,-5.726177],[42.877569,-5.727161],[42.878062,-5.728165],[42.878527,-5.729198],[42.878913,-5.730318],[42.879043,-5.73165],[42.879046,-5.732914],[42.879191,-5.734056],[42.879569,-5.735047],[42.88047,-5.735562],[42.88088,-5.736684],[42.881222,-5.73788],[42.881472,-5.739194],[42.881467,-5.740446],[42.881929,-5.741563],[42.881892,-5.742733],[42.881327,-5.743718],[42.881241,-5.744884],[42.88143,-5.746123],[42.881816,-5.747327],[42.881899,-5.748465],[42.881979,-5.749652],[42.882271,-5.75077],[42.882616,-5.752019],[42.883162,-5.753207],[42.883542,-5.754483],[42.883791,-5.755576],[42.88421,-5.756855],[42.884827,-5.757808],[42.885556,-5.758812],[42.885974,-5.759846],[42.885976,-5.761139],[42.886137,-5.76242],[42.887007,-5.76223],[42.887858,-5.76201],[42.888674,-5.762407],[42.889259,-5.763081],[42.889791,-5.763776],[42.89036,-5.764403],[42.891234,-5.764545],[42.892069,-5.76468],[42.892909,-5.764918],[42.893622,-5.765307],[42.89385,-5.7662],[42.89414,-5.767298],[42.893934,-5.768128],[42.893948,-5.768677],[42.894003,-5.769124],[42.894178,-5.769417],[42.89433,-5.769724],[42.894461,-5.770054],[42.894688,-5.77028],[42.894947,-5.770422],[42.895207,-5.770551],[42.895437,-5.770771],[42.895496,-5.771135],[42.895509,-5.771536],[42.895419,-5.771899],[42.895277,-5.772241],[42.895068,-5.772537],[42.894758,-5.772818],[42.894591,-5.773348],[42.894437,-5.773849],[42.894172,-5.774223],[42.893903,-5.774558],[42.893666,-5.774938],[42.893563,-5.775419],[42.893502,-5.775924],[42.893453,-5.776329],[42.893428,-5.776663],[42.893402,-5.777021],[42.893365,-5.777409],[42.893315,-5.77781],[42.893248,-5.778355],[42.893208,-5.778789],[42.893218,-5.779236],[42.893217,-5.779717],[42.893232,-5.780173],[42.893251,-5.780635],[42.893233,-5.781093],[42.893215,-5.781136],[42.893333,-5.781579],[42.893398,-5.782126],[42.893488,-5.782637],[42.893581,-5.783007],[42.893661,-5.783517],[42.893668,-5.784043],[42.893835,-5.784301],[42.893838,-5.783859],[42.893819,-5.783245],[42.89382,-5.782439],[42.893821,-5.781536],[42.89394,-5.780705],[42.894087,-5.780062],[42.89424,-5.779519],[42.894408,-5.778992],[42.894622,-5.778549],[42.894863,-5.778148],[42.895107,-5.77771],[42.895343,-5.777291],[42.895568,-5.776901],[42.89579,-5.776513],[42.896035,-5.77614],[42.896312,-5.775841],[42.896601,-5.775754],[42.896904,-5.775894],[42.897195,-5.7761],[42.897445,-5.776413],[42.897655,-5.776821],[42.89784,-5.777236],[42.898041,-5.777657],[42.898219,-5.778052],[42.898363,-5.778475],[42.898569,-5.778843],[42.898901,-5.779221],[42.899237,-5.779231],[42.899567,-5.779151],[42.899566,-5.779545],[42.899285,-5.779788],[42.898936,-5.779833],[42.898621,-5.779854],[42.898343,-5.779634],[42.898053,-5.779283],[42.897795,-5.779027],[42.897531,-5.778849],[42.897248,-5.778596],[42.896985,-5.778373],[42.896869,-5.778546],[42.897071,-5.778814],[42.897354,-5.779187],[42.89768,-5.779636],[42.897986,-5.780125],[42.898313,-5.780489],[42.898659,-5.780716],[42.898924,-5.780896],[42.899145,-5.781058],[42.899387,-5.781199],[42.899581,-5.781371],[42.899863,-5.781464],[42.900178,-5.781388],[42.900553,-5.781399],[42.900905,-5.781505],[42.901234,-5.781597],[42.901572,-5.781699],[42.901926,-5.781801],[42.902225,-5.781922],[42.902472,-5.782121],[42.902646,-5.782438],[42.902801,-5.782855],[42.902935,-5.783275],[42.903069,-5.783726],[42.903112,-5.784188],[42.903134,-5.784602],[42.903106,-5.785035],[42.903019,-5.785467],[42.902847,-5.785835],[42.902696,-5.786157],[42.902589,-5.78656],[42.902535,-5.786993],[42.902529,-5.78746],[42.902536,-5.787923],[42.902572,-5.788418],[42.902617,-5.788925],[42.902623,-5.789365],[42.902585,-5.789803],[42.902573,-5.790245],[42.902528,-5.790712],[42.902495,-5.791183],[42.90244,-5.791616],[42.902362,-5.792051],[42.902288,-5.792526],[42.902256,-5.793032],[42.902212,-5.793523],[42.902157,-5.793995],[42.90206,-5.794431],[42.901957,-5.794869],[42.90189,-5.795342],[42.901836,-5.795816],[42.901752,-5.796274],[42.901628,-5.796703],[42.901527,-5.797122],[42.901406,-5.797558],[42.901312,-5.797998],[42.901271,-5.79845],[42.901328,-5.798917],[42.901424,-5.799387],[42.901496,-5.799822],[42.901541,-5.800259],[42.901534,-5.800712],[42.901614,-5.801229],[42.901743,-5.801706],[42.901842,-5.802109],[42.901956,-5.802559],[42.902041,-5.803069],[42.902286,-5.803289],[42.902594,-5.803413],[42.902807,-5.803709],[42.9032,-5.803643],[42.903688,-5.803763],[42.904025,-5.804554],[42.904093,-5.804781],[42.904154,-5.804923],[42.904111,-5.804791],[42.904051,-5.804812],[42.904017,-5.805242],[42.903949,-5.806241],[42.903776,-5.807904],[42.902916,-5.809717],[42.90227,-5.811585],[42.902908,-5.810972],[42.9041,-5.810292],[42.904339,-5.812293],[42.904604,-5.814537],[42.905315,-5.81618],[42.904529,-5.817876],[42.904839,-5.820184],[42.905904,-5.821462],[42.906121,-5.823212],[42.906965,-5.825024],[42.908649,-5.825092],[42.90861,-5.825402],[42.90726,-5.825644],[42.905864,-5.825184],[42.906564,-5.825619],[42.90794,-5.826272],[42.908596,-5.826839],[42.907168,-5.827249],[42.905719,-5.828189],[42.90491,-5.830058],[42.904531,-5.832304],[42.903905,-5.834352],[42.90406,-5.836489],[42.90364,-5.837751],[42.903454,-5.83984],[42.903759,-5.841717],[42.903684,-5.84377],[42.903113,-5.845783],[42.902939,-5.847859],[42.903106,-5.850123],[42.903006,-5.852367],[42.902153,-5.85426],[42.901745,-5.856447],[42.901545,-5.858616],[42.90156,-5.860726],[42.901436,-5.862955],[42.901228,-5.865011],[42.900705,-5.867031],[42.900151,-5.86899],[42.899672,-5.870725],[42.898896,-5.871589],[42.897941,-5.871348],[42.896901,-5.871813],[42.895983,-5.872182],[42.895373,-5.872963],[42.89467,-5.873198],[42.894233,-5.874106],[42.89399,-5.875121],[42.89374,-5.875928],[42.894008,-5.877157],[42.893795,-5.878762],[42.893407,-5.880232],[42.893025,-5.881219],[42.892647,-5.881747],[42.892001,-5.881769],[42.891305,-5.881989],[42.890503,-5.881972],[42.889673,-5.881778],[42.88884,-5.881695],[42.888037,-5.881338],[42.887788,-5.879929],[42.887819,-5.878291],[42.88776,-5.876516],[42.88818,-5.874974],[42.887649,-5.873674],[42.886956,-5.872559],[42.886441,-5.871347],[42.88653,-5.869839],[42.88658,-5.868222],[42.885652,-5.867614],[42.884897,-5.867831],[42.884536,-5.866711],[42.884182,-5.865218],[42.883617,-5.863735],[42.882407,-5.863279],[42.881561,-5.863398],[42.881437,-5.864279],[42.8814,-5.864986],[42.881336,-5.865636],[42.881215,-5.866247],[42.881067,-5.866837],[42.880877,-5.867363],[42.880672,-5.867886],[42.880413,-5.868343],[42.879953,-5.868427],[42.87957,-5.867911],[42.879099,-5.866964],[42.878479,-5.865533],[42.877415,-5.865652],[42.876315,-5.867167],[42.875075,-5.866057],[42.874546,-5.864216],[42.874685,-5.862492],[42.874856,-5.861146],[42.875117,-5.859801],[42.875298,-5.858411],[42.875363,-5.857011],[42.875354,-5.855579],[42.875106,-5.854039],[42.87412,-5.852831],[42.873144,-5.85252],[42.872658,-5.853028],[42.872434,-5.853689],[42.87192,-5.854092],[42.871391,-5.854425],[42.871208,-5.855118],[42.871155,-5.855964],[42.870603,-5.856976],[42.869427,-5.85685],[42.867947,-5.856368],[42.867898,-5.858098],[42.867805,-5.859239],[42.867321,-5.860139],[42.86657,-5.860826],[42.865922,-5.86138],[42.865481,-5.862125],[42.864886,-5.862692],[42.863981,-5.863339],[42.862664,-5.864048],[42.861883,-5.865693],[42.860859,-5.864899],[42.860061,-5.863696],[42.859608,-5.863258],[42.859232,-5.862852],[42.859181,-5.862313],[42.859211,-5.861772],[42.859242,-5.86126],[42.85919,-5.860783],[42.859004,-5.860419],[42.858786,-5.860058],[42.858534,-5.859808],[42.858207,-5.859778],[42.857849,-5.859988],[42.857459,-5.860277],[42.856952,-5.86086],[42.856014,-5.86171],[42.854834,-5.862063],[42.853633,-5.861872],[42.852477,-5.860692],[42.851521,-5.859043],[42.850427,-5.857712],[42.849957,-5.856049],[42.849092,-5.856754],[42.849007,-5.858582],[42.848125,-5.859489],[42.846983,-5.859307],[42.845857,-5.858856],[42.844408,-5.858752],[42.842965,-5.858936],[42.842493,-5.860079],[42.841577,-5.86178],[42.84071,-5.863418],[42.840449,-5.865847],[42.839754,-5.868059],[42.83858,-5.869242],[42.836931,-5.870209],[42.83533,-5.870166],[42.833558,-5.869849],[42.832167,-5.869687],[42.830809,-5.869517],[42.829625,-5.869798],[42.828766,-5.870457],[42.828212,-5.871267],[42.827677,-5.871913],[42.827184,-5.871163],[42.827235,-5.869517],[42.827832,-5.867812],[42.828258,-5.866389],[42.828434,-5.864643],[42.828151,-5.862946],[42.827681,-5.860999],[42.827071,-5.859709],[42.826291,-5.858376],[42.825515,-5.85714],[42.824591,-5.855766],[42.824023,-5.854221],[42.823378,-5.85262],[42.822916,-5.85113],[42.822494,-5.849691],[42.822065,-5.848289],[42.821558,-5.846998],[42.820523,-5.846381],[42.820433,-5.845152],[42.820844,-5.843922],[42.821273,-5.842672],[42.822002,-5.841542],[42.822869,-5.840222],[42.823051,-5.838674],[42.822896,-5.837221],[42.822187,-5.836135],[42.821246,-5.83539],[42.82017,-5.834628],[42.819029,-5.834031],[42.817762,-5.833511],[42.816407,-5.833285],[42.815267,-5.832801],[42.814404,-5.831862],[42.813249,-5.831514],[42.812126,-5.831006],[42.811851,-5.829503],[42.811855,-5.827913],[42.811734,-5.826216],[42.810866,-5.825011],[42.810019,-5.824122],[42.809072,-5.824076],[42.808387,-5.823971],[42.807878,-5.823897],[42.807381,-5.823834],[42.806904,-5.823858],[42.806443,-5.823649],[42.806029,-5.823167],[42.805589,-5.822701],[42.804995,-5.823364],[42.804192,-5.824011],[42.803253,-5.82486],[42.802074,-5.82441],[42.800685,-5.823438],[42.799742,-5.821634],[42.798917,-5.81987],[42.79779,-5.819149],[42.796789,-5.818499],[42.796102,-5.817392],[42.795592,-5.816002],[42.795222,-5.814482],[42.794592,-5.813304],[42.793666,-5.812461],[42.7927,-5.811543],[42.792025,-5.810567],[42.791583,-5.809133],[42.791381,-5.807693],[42.790861,-5.806635],[42.790124,-5.805882],[42.789177,-5.805465],[42.788214,-5.805033],[42.787103,-5.804568],[42.786065,-5.804259],[42.785099,-5.803873],[42.784453,-5.803225],[42.784154,-5.801807],[42.784225,-5.800507],[42.784274,-5.799143],[42.784329,-5.7979],[42.784298,-5.796695],[42.78424,-5.795462],[42.784185,-5.794369],[42.784149,-5.793363],[42.784162,-5.792235],[42.784191,-5.791073],[42.78421,-5.789951],[42.784239,-5.788855],[42.784247,-5.787751],[42.784278,-5.786678],[42.784311,-5.78558],[42.784322,-5.784576],[42.784328,-5.783612],[42.784335,-5.782764],[42.78452,-5.781795],[42.784806,-5.780665],[42.785071,-5.779517],[42.78531,-5.77845],[42.785454,-5.777339],[42.785569,-5.776198],[42.785688,-5.774987],[42.785809,-5.773717],[42.785824,-5.772237],[42.785723,-5.770692],[42.78568,-5.769018],[42.785637,-5.767469],[42.78559,-5.765874],[42.785547,-5.764444],[42.785469,-5.76295],[42.785427,-5.76166],[42.785453,-5.760263],[42.785484,-5.759269],[42.785555,-5.758473],[42.785561,-5.757855],[42.785519,-5.757501],[42.785757,-5.75715],[42.786197,-5.756162],[42.786436,-5.755216],[42.786643,-5.754433],[42.78688,-5.753551],[42.787116,-5.752627],[42.787208,-5.751716],[42.787241,-5.750985],[42.787271,-5.750297],[42.787293,-5.749545],[42.787318,-5.748377],[42.787324,-5.747338],[42.787508,-5.746304],[42.787888,-5.745694],[42.788204,-5.745352],[42.788435,-5.745025],[42.788638,-5.744672],[42.788809,-5.744232],[42.788937,-5.743659],[42.789047,-5.743007],[42.789152,-5.742369],[42.789259,-5.741716],[42.789352,-5.741139],[42.789455,-5.740555],[42.789578,-5.740054],[42.789747,-5.739553],[42.789953,-5.739153],[42.79023,-5.738782],[42.79052,-5.738444],[42.790827,-5.738088],[42.791155,-5.737723],[42.791497,-5.737333],[42.791863,-5.736916],[42.792218,-5.73653],[42.792626,-5.736091],[42.793058,-5.735609],[42.793467,-5.735164],[42.793874,-5.734702],[42.794312,-5.734271],[42.794735,-5.733993],[42.795089,-5.733817],[42.795404,-5.733642],[42.795707,-5.733406],[42.795931,-5.733157],[42.796139,-5.732815],[42.796278,-5.732465],[42.796397,-5.732071],[42.796445,-5.731668],[42.796449,-5.73127],[42.796421,-5.730851],[42.79638,-5.730445],[42.796342,-5.730037],[42.796286,-5.729625],[42.796263,-5.729202],[42.796234,-5.728826],[42.796204,-5.728457],[42.796189,-5.728123],[42.796213,-5.727783],[42.796246,-5.727463],[42.79629,-5.727165],[42.796354,-5.726858],[42.796422,-5.726549],[42.796498,-5.726232],[42.796546,-5.72594],[42.796594,-5.725612],[42.796624,-5.725273],[42.796642,-5.724906],[42.796645,-5.724556],[42.796644,-5.724217],[42.796647,-5.723841],[42.796636,-5.723462],[42.796642,-5.723075],[42.796639,-5.722681],[42.796627,-5.722172],[42.796632,-5.72173],[42.796633,-5.72144],[42.796647,-5.72129],[42.796712,-5.720883],[42.796796,-5.720379],[42.796923,-5.719788],[42.797014,-5.719322],[42.797092,-5.718906],[42.797169,-5.71849],[42.797258,-5.718007],[42.797357,-5.717331],[42.797321,-5.716272],[42.797074,-5.715077],[42.796783,-5.713347],[42.796518,-5.711186],[42.796397,-5.708813],[42.79638,-5.706304],[42.796356,-5.703754],[42.796338,-5.701234],[42.796261,-5.698666],[42.795861,-5.695956],[42.795639,-5.693247],[42.796263,-5.69081],[42.797291,-5.688559],[42.798337,-5.687437],[42.799181,-5.686423],[42.799421,-5.685804],[42.799607,-5.685329],[42.799879,-5.684383],[42.800115,-5.683237],[42.800161,-5.681841],[42.800155,-5.680148],[42.800157,-5.678293],[42.800169,-5.676498],[42.80019,-5.674476],[42.800267,-5.672567],[42.800851,-5.671289],[42.801509,-5.670342],[42.801869,-5.669261],[42.801892,-5.667935],[42.801842,-5.666329],[42.802143,-5.664382],[42.802377,-5.662128],[42.801596,-5.660153],[42.801239,-5.658225],[42.801687,-5.656402],[42.802185,-5.654573],[42.80272,-5.652648],[42.803273,-5.650635],[42.803864,-5.648517],[42.804416,-5.64651],[42.805155,-5.644963],[42.805613,-5.642841],[42.805905,-5.640803],[42.806344,-5.639477],[42.80693,-5.639204],[42.807419,-5.638148],[42.807812,-5.63702],[42.808003,-5.63591],[42.808069,-5.634452],[42.807604,-5.633555],[42.806825,-5.63408],[42.806322,-5.633634],[42.805919,-5.632565]]', '41e1khc20eh1', '99r4osm75ys5', '8e0095f8b4e5f08a9602'),
('529fae71f05f9512c86c', 'Prueba organizador', '2024-03-09', 1506.7, 1506.3, 3013, 93, 'Madrid', 'prueba organizador.png', 'prueba organizador.pdf', 'ww.google.es', '[[42.804963,-5.631211],[42.804614,-5.630733],[42.804378,-5.630328],[42.804071,-5.629886],[42.803664,-5.629607],[42.8034,-5.628979],[42.802955,-5.629003],[42.802377,-5.629148],[42.801774,-5.629266],[42.801122,-5.629158],[42.799658,-5.628789],[42.798845,-5.628666],[42.798372,-5.628432],[42.798875,-5.627954],[42.799451,-5.627737],[42.799992,-5.627476],[42.80046,-5.626781],[42.800666,-5.625758],[42.800534,-5.624659],[42.800425,-5.623447],[42.800566,-5.622415],[42.800838,-5.621429],[42.801048,-5.62041],[42.80117,-5.619373],[42.801103,-5.618357],[42.8014,-5.617384],[42.801509,-5.616365],[42.801643,-5.61524],[42.801775,-5.614111],[42.801889,-5.613106],[42.801997,-5.612121],[42.802122,-5.611058],[42.802245,-5.609979],[42.802359,-5.609004],[42.802473,-5.608019],[42.802585,-5.607047],[42.802698,-5.606092],[42.802812,-5.605081],[42.802875,-5.604161],[42.802869,-5.603298],[42.802866,-5.602392],[42.802862,-5.601501],[42.802939,-5.600542],[42.803111,-5.599658],[42.803292,-5.598784],[42.80347,-5.597911],[42.80363,-5.597058],[42.803821,-5.596136],[42.804041,-5.595096],[42.804239,-5.594153],[42.804413,-5.593297],[42.804575,-5.592501],[42.804748,-5.591665],[42.804946,-5.590672],[42.805166,-5.5896],[42.805354,-5.588682],[42.805514,-5.587858],[42.805716,-5.586961],[42.805988,-5.586004],[42.806156,-5.585051],[42.806272,-5.584099],[42.806467,-5.583223],[42.80673,-5.582466],[42.807014,-5.581711],[42.807306,-5.58093],[42.807608,-5.580118],[42.807919,-5.579296],[42.808281,-5.578364],[42.808662,-5.577356],[42.809106,-5.576331],[42.809629,-5.575139],[42.809767,-5.573736],[42.809527,-5.572617],[42.809137,-5.571731],[42.808922,-5.570778],[42.808932,-5.569815],[42.809142,-5.568914],[42.809444,-5.56797],[42.809764,-5.56695],[42.810152,-5.565882],[42.810812,-5.564786],[42.811435,-5.563824],[42.812053,-5.562884],[42.812761,-5.561979],[42.813758,-5.561358],[42.814891,-5.560796],[42.815854,-5.560317],[42.816563,-5.559932],[42.817209,-5.559133],[42.818053,-5.558038],[42.818822,-5.557039],[42.819573,-5.55607],[42.820313,-5.555104],[42.821047,-5.554151],[42.821794,-5.553184],[42.8226,-5.552143],[42.823403,-5.5511],[42.824145,-5.550134],[42.824871,-5.549191],[42.825699,-5.54812],[42.82642,-5.546866],[42.826802,-5.545334],[42.8275,-5.543989],[42.828141,-5.542781],[42.828756,-5.541605],[42.82895,-5.540173],[42.829163,-5.538469],[42.829686,-5.53698],[42.830271,-5.535292],[42.83081,-5.533683],[42.831361,-5.532045],[42.831926,-5.530374],[42.832527,-5.528595],[42.833091,-5.526923],[42.833601,-5.525418],[42.834216,-5.523746],[42.834957,-5.52179],[42.835585,-5.519887],[42.836055,-5.518285],[42.836482,-5.516865],[42.836904,-5.515557],[42.837326,-5.514302],[42.837728,-5.513103],[42.838027,-5.512036],[42.838347,-5.512695],[42.838878,-5.51392],[42.839383,-5.515147],[42.839683,-5.516434],[42.839894,-5.517754],[42.840281,-5.518821],[42.840952,-5.519591],[42.841615,-5.520316],[42.842347,-5.520733],[42.843173,-5.521173],[42.843936,-5.521511],[42.844744,-5.521815],[42.845665,-5.522179],[42.846383,-5.522456],[42.847172,-5.522764],[42.847999,-5.523033],[42.848812,-5.523184],[42.849614,-5.523342],[42.850475,-5.523499],[42.8513,-5.523648],[42.85211,-5.5237],[42.852767,-5.523225],[42.853491,-5.522574],[42.854136,-5.521933],[42.854857,-5.521392],[42.855478,-5.520708],[42.855853,-5.519743],[42.856523,-5.51916],[42.857268,-5.519042],[42.858163,-5.51899],[42.858989,-5.519031],[42.859843,-5.518976],[42.860644,-5.518889],[42.861405,-5.518899],[42.862204,-5.518795],[42.863023,-5.518912],[42.863788,-5.519225],[42.864393,-5.519947],[42.864963,-5.520692],[42.86567,-5.520998],[42.866357,-5.521237],[42.867031,-5.521489],[42.867721,-5.521911],[42.868354,-5.52194],[42.86896,-5.522096],[42.869578,-5.52235],[42.870526,-5.522701],[42.871308,-5.522988],[42.872161,-5.523291],[42.872997,-5.523788],[42.873736,-5.52441],[42.874561,-5.525087],[42.87549,-5.525312],[42.876272,-5.525329],[42.877027,-5.525342],[42.877823,-5.525389],[42.878485,-5.525436],[42.8791,-5.525492],[42.879713,-5.525584],[42.880251,-5.525796],[42.880839,-5.526046],[42.881451,-5.526409],[42.881799,-5.527416],[42.881751,-5.528687],[42.881354,-5.529998],[42.881859,-5.531252],[42.882378,-5.532138],[42.883054,-5.533118],[42.883709,-5.533933],[42.884309,-5.534452],[42.88463,-5.534766],[42.884916,-5.535403],[42.885455,-5.536303],[42.885598,-5.537273],[42.885805,-5.538257],[42.885955,-5.539252],[42.886178,-5.540189],[42.886422,-5.540968],[42.886326,-5.541807],[42.886166,-5.542646],[42.886114,-5.54347],[42.886072,-5.544327],[42.885954,-5.545232],[42.885821,-5.546058],[42.885705,-5.546822],[42.885642,-5.547478],[42.885538,-5.548147],[42.885477,-5.548817],[42.885273,-5.549482],[42.885005,-5.550251],[42.884952,-5.551078],[42.884495,-5.552126],[42.884088,-5.553074],[42.883812,-5.554016],[42.883649,-5.555056],[42.883487,-5.555976],[42.883714,-5.556551],[42.8839,-5.5571],[42.88419,-5.557389],[42.884661,-5.557778],[42.885333,-5.558336],[42.885982,-5.558635],[42.885906,-5.557935],[42.885767,-5.557335],[42.885771,-5.556922],[42.885982,-5.55742],[42.886181,-5.557866],[42.886401,-5.558273],[42.88666,-5.558544],[42.886892,-5.558853],[42.886835,-5.559352],[42.88676,-5.559831],[42.886852,-5.560328],[42.88695,-5.56078],[42.887055,-5.561305],[42.886994,-5.562023],[42.887078,-5.562507],[42.887081,-5.563124],[42.887164,-5.563654],[42.887287,-5.564079],[42.887485,-5.564297],[42.887748,-5.564445],[42.887991,-5.564607],[42.888251,-5.564751],[42.888445,-5.564965],[42.888346,-5.565568],[42.8883,-5.566132],[42.88842,-5.566732],[42.888499,-5.567621],[42.88873,-5.56859],[42.889125,-5.56905],[42.889448,-5.569241],[42.889684,-5.569593],[42.889683,-5.570298],[42.889545,-5.570695],[42.889562,-5.571047],[42.889582,-5.571382],[42.889636,-5.571791],[42.889839,-5.572216],[42.889913,-5.572861],[42.889786,-5.573479],[42.889528,-5.574048],[42.889272,-5.574618],[42.889497,-5.575191],[42.889684,-5.575815],[42.889812,-5.576344],[42.889872,-5.576905],[42.889901,-5.577508],[42.889953,-5.578098],[42.890094,-5.578577],[42.890216,-5.579029],[42.89041,-5.57958],[42.89054,-5.58044],[42.890532,-5.581055],[42.890325,-5.581681],[42.890089,-5.582002],[42.88981,-5.582386],[42.889781,-5.583014],[42.889825,-5.583447],[42.889907,-5.583912],[42.889985,-5.584293],[42.890057,-5.584691],[42.890087,-5.58521],[42.889963,-5.585721],[42.889862,-5.586211],[42.889708,-5.586822],[42.889555,-5.587433],[42.889157,-5.587789],[42.889103,-5.588347],[42.889095,-5.588912],[42.888895,-5.589444],[42.888552,-5.590019],[42.888426,-5.591029],[42.888526,-5.592157],[42.889087,-5.593817],[42.88931,-5.59533],[42.889982,-5.596405],[42.891041,-5.59815],[42.892267,-5.5989],[42.891542,-5.599637],[42.890722,-5.60016],[42.889695,-5.600719],[42.88907,-5.601745],[42.888862,-5.603261],[42.888897,-5.604481],[42.888849,-5.605419],[42.8889,-5.606256],[42.889166,-5.606749],[42.889457,-5.607454],[42.889414,-5.608449],[42.889557,-5.60934],[42.889739,-5.610192],[42.889903,-5.610861],[42.890203,-5.611334],[42.890482,-5.611828],[42.89054,-5.6125],[42.890387,-5.613226],[42.890198,-5.614048],[42.889881,-5.614727],[42.88975,-5.615526],[42.889649,-5.616457],[42.890371,-5.617608],[42.891765,-5.619323],[42.893061,-5.621491],[42.895015,-5.622919],[42.896918,-5.622357],[42.898021,-5.621617],[42.89711,-5.623667],[42.895755,-5.624951],[42.89387,-5.625982],[42.892749,-5.628017],[42.892147,-5.631007],[42.892544,-5.633913],[42.892956,-5.636743],[42.892561,-5.638039],[42.892745,-5.63944],[42.892341,-5.640308],[42.892298,-5.640383],[42.891858,-5.64021],[42.891137,-5.640008],[42.890225,-5.639969],[42.88974,-5.640307],[42.888901,-5.640314],[42.887809,-5.64028],[42.886691,-5.640229],[42.885726,-5.639916],[42.884789,-5.63921],[42.883891,-5.638385],[42.882809,-5.637648],[42.881535,-5.637484],[42.880498,-5.637907],[42.879879,-5.639119],[42.879226,-5.640642],[42.878136,-5.641095],[42.877232,-5.640879],[42.876358,-5.640631],[42.875508,-5.640524],[42.874591,-5.640709],[42.873595,-5.640935],[42.872594,-5.641532],[42.872445,-5.641675],[42.872445,-5.641675],[42.869939,-5.6451],[42.869736,-5.647126],[42.869346,-5.649447],[42.869307,-5.651826],[42.869384,-5.653993],[42.869414,-5.656012],[42.869383,-5.657963],[42.869312,-5.659763],[42.869223,-5.661494],[42.869048,-5.663319],[42.868941,-5.66524],[42.868897,-5.667187],[42.868365,-5.668967],[42.867379,-5.670292],[42.866153,-5.670836],[42.866045,-5.670856],[42.863546,-5.671791],[42.862491,-5.672654],[42.861825,-5.674075],[42.86199,-5.675694],[42.862724,-5.6771],[42.862911,-5.678711],[42.863555,-5.679806],[42.863986,-5.680313],[42.863898,-5.680317],[42.863924,-5.680336],[42.864048,-5.680398],[42.864761,-5.680811],[42.865565,-5.681266],[42.866457,-5.681577],[42.867458,-5.68154],[42.868409,-5.681716],[42.869094,-5.682531],[42.869494,-5.683384],[42.869536,-5.684169],[42.869442,-5.684922],[42.869779,-5.685681],[42.87036,-5.686483],[42.870422,-5.687642],[42.870522,-5.688817],[42.870738,-5.690069],[42.87095,-5.691344],[42.871158,-5.692627],[42.871405,-5.693925],[42.871648,-5.695193],[42.871771,-5.696571],[42.871859,-5.697789],[42.871921,-5.698591],[42.871991,-5.699537],[42.872132,-5.700582],[42.872555,-5.701547],[42.873042,-5.702803],[42.873085,-5.704317],[42.873278,-5.705742],[42.873488,-5.70711],[42.873566,-5.708465],[42.87355,-5.709812],[42.873429,-5.711112],[42.873685,-5.712319],[42.874071,-5.713535],[42.874505,-5.714661],[42.874705,-5.715754],[42.874625,-5.717034],[42.874599,-5.718335],[42.874593,-5.719577],[42.875008,-5.720636],[42.875471,-5.721731],[42.875819,-5.722901],[42.876147,-5.724015],[42.876523,-5.725109],[42.877027,-5.726177],[42.877569,-5.727161],[42.878062,-5.728165],[42.878527,-5.729198],[42.878913,-5.730318],[42.879043,-5.73165],[42.879046,-5.732914],[42.879191,-5.734056],[42.879569,-5.735047],[42.88047,-5.735562],[42.88088,-5.736684],[42.881222,-5.73788],[42.881472,-5.739194],[42.881467,-5.740446],[42.881929,-5.741563],[42.881892,-5.742733],[42.881327,-5.743718],[42.881241,-5.744884],[42.88143,-5.746123],[42.881816,-5.747327],[42.881899,-5.748465],[42.881979,-5.749652],[42.882271,-5.75077],[42.882616,-5.752019],[42.883162,-5.753207],[42.883542,-5.754483],[42.883791,-5.755576],[42.88421,-5.756855],[42.884827,-5.757808],[42.885556,-5.758812],[42.885974,-5.759846],[42.885976,-5.761139],[42.886137,-5.76242],[42.887007,-5.76223],[42.887858,-5.76201],[42.888674,-5.762407],[42.889259,-5.763081],[42.889791,-5.763776],[42.89036,-5.764403],[42.891234,-5.764545],[42.892069,-5.76468],[42.892909,-5.764918],[42.893622,-5.765307],[42.89385,-5.7662],[42.89414,-5.767298],[42.893934,-5.768128],[42.893948,-5.768677],[42.894003,-5.769124],[42.894178,-5.769417],[42.89433,-5.769724],[42.894461,-5.770054],[42.894688,-5.77028],[42.894947,-5.770422],[42.895207,-5.770551],[42.895437,-5.770771],[42.895496,-5.771135],[42.895509,-5.771536],[42.895419,-5.771899],[42.895277,-5.772241],[42.895068,-5.772537],[42.894758,-5.772818],[42.894591,-5.773348],[42.894437,-5.773849],[42.894172,-5.774223],[42.893903,-5.774558],[42.893666,-5.774938],[42.893563,-5.775419],[42.893502,-5.775924],[42.893453,-5.776329],[42.893428,-5.776663],[42.893402,-5.777021],[42.893365,-5.777409],[42.893315,-5.77781],[42.893248,-5.778355],[42.893208,-5.778789],[42.893218,-5.779236],[42.893217,-5.779717],[42.893232,-5.780173],[42.893251,-5.780635],[42.893233,-5.781093],[42.893215,-5.781136],[42.893333,-5.781579],[42.893398,-5.782126],[42.893488,-5.782637],[42.893581,-5.783007],[42.893661,-5.783517],[42.893668,-5.784043],[42.893835,-5.784301],[42.893838,-5.783859],[42.893819,-5.783245],[42.89382,-5.782439],[42.893821,-5.781536],[42.89394,-5.780705],[42.894087,-5.780062],[42.89424,-5.779519],[42.894408,-5.778992],[42.894622,-5.778549],[42.894863,-5.778148],[42.895107,-5.77771],[42.895343,-5.777291],[42.895568,-5.776901],[42.89579,-5.776513],[42.896035,-5.77614],[42.896312,-5.775841],[42.896601,-5.775754],[42.896904,-5.775894],[42.897195,-5.7761],[42.897445,-5.776413],[42.897655,-5.776821],[42.89784,-5.777236],[42.898041,-5.777657],[42.898219,-5.778052],[42.898363,-5.778475],[42.898569,-5.778843],[42.898901,-5.779221],[42.899237,-5.779231],[42.899567,-5.779151],[42.899566,-5.779545],[42.899285,-5.779788],[42.898936,-5.779833],[42.898621,-5.779854],[42.898343,-5.779634],[42.898053,-5.779283],[42.897795,-5.779027],[42.897531,-5.778849],[42.897248,-5.778596],[42.896985,-5.778373],[42.896869,-5.778546],[42.897071,-5.778814],[42.897354,-5.779187],[42.89768,-5.779636],[42.897986,-5.780125],[42.898313,-5.780489],[42.898659,-5.780716],[42.898924,-5.780896],[42.899145,-5.781058],[42.899387,-5.781199],[42.899581,-5.781371],[42.899863,-5.781464],[42.900178,-5.781388],[42.900553,-5.781399],[42.900905,-5.781505],[42.901234,-5.781597],[42.901572,-5.781699],[42.901926,-5.781801],[42.902225,-5.781922],[42.902472,-5.782121],[42.902646,-5.782438],[42.902801,-5.782855],[42.902935,-5.783275],[42.903069,-5.783726],[42.903112,-5.784188],[42.903134,-5.784602],[42.903106,-5.785035],[42.903019,-5.785467],[42.902847,-5.785835],[42.902696,-5.786157],[42.902589,-5.78656],[42.902535,-5.786993],[42.902529,-5.78746],[42.902536,-5.787923],[42.902572,-5.788418],[42.902617,-5.788925],[42.902623,-5.789365],[42.902585,-5.789803],[42.902573,-5.790245],[42.902528,-5.790712],[42.902495,-5.791183],[42.90244,-5.791616],[42.902362,-5.792051],[42.902288,-5.792526],[42.902256,-5.793032],[42.902212,-5.793523],[42.902157,-5.793995],[42.90206,-5.794431],[42.901957,-5.794869],[42.90189,-5.795342],[42.901836,-5.795816],[42.901752,-5.796274],[42.901628,-5.796703],[42.901527,-5.797122],[42.901406,-5.797558],[42.901312,-5.797998],[42.901271,-5.79845],[42.901328,-5.798917],[42.901424,-5.799387],[42.901496,-5.799822],[42.901541,-5.800259],[42.901534,-5.800712],[42.901614,-5.801229],[42.901743,-5.801706],[42.901842,-5.802109],[42.901956,-5.802559],[42.902041,-5.803069],[42.902286,-5.803289],[42.902594,-5.803413],[42.902807,-5.803709],[42.9032,-5.803643],[42.903688,-5.803763],[42.904025,-5.804554],[42.904093,-5.804781],[42.904154,-5.804923],[42.904111,-5.804791],[42.904051,-5.804812],[42.904017,-5.805242],[42.903949,-5.806241],[42.903776,-5.807904],[42.902916,-5.809717],[42.90227,-5.811585],[42.902908,-5.810972],[42.9041,-5.810292],[42.904339,-5.812293],[42.904604,-5.814537],[42.905315,-5.81618],[42.904529,-5.817876],[42.904839,-5.820184],[42.905904,-5.821462],[42.906121,-5.823212],[42.906965,-5.825024],[42.908649,-5.825092],[42.90861,-5.825402],[42.90726,-5.825644],[42.905864,-5.825184],[42.906564,-5.825619],[42.90794,-5.826272],[42.908596,-5.826839],[42.907168,-5.827249],[42.905719,-5.828189],[42.90491,-5.830058],[42.904531,-5.832304],[42.903905,-5.834352],[42.90406,-5.836489],[42.90364,-5.837751],[42.903454,-5.83984],[42.903759,-5.841717],[42.903684,-5.84377],[42.903113,-5.845783],[42.902939,-5.847859],[42.903106,-5.850123],[42.903006,-5.852367],[42.902153,-5.85426],[42.901745,-5.856447],[42.901545,-5.858616],[42.90156,-5.860726],[42.901436,-5.862955],[42.901228,-5.865011],[42.900705,-5.867031],[42.900151,-5.86899],[42.899672,-5.870725],[42.898896,-5.871589],[42.897941,-5.871348],[42.896901,-5.871813],[42.895983,-5.872182],[42.895373,-5.872963],[42.89467,-5.873198],[42.894233,-5.874106],[42.89399,-5.875121],[42.89374,-5.875928],[42.894008,-5.877157],[42.893795,-5.878762],[42.893407,-5.880232],[42.893025,-5.881219],[42.892647,-5.881747],[42.892001,-5.881769],[42.891305,-5.881989],[42.890503,-5.881972],[42.889673,-5.881778],[42.88884,-5.881695],[42.888037,-5.881338],[42.887788,-5.879929],[42.887819,-5.878291],[42.88776,-5.876516],[42.88818,-5.874974],[42.887649,-5.873674],[42.886956,-5.872559],[42.886441,-5.871347],[42.88653,-5.869839],[42.88658,-5.868222],[42.885652,-5.867614],[42.884897,-5.867831],[42.884536,-5.866711],[42.884182,-5.865218],[42.883617,-5.863735],[42.882407,-5.863279],[42.881561,-5.863398],[42.881437,-5.864279],[42.8814,-5.864986],[42.881336,-5.865636],[42.881215,-5.866247],[42.881067,-5.866837],[42.880877,-5.867363],[42.880672,-5.867886],[42.880413,-5.868343],[42.879953,-5.868427],[42.87957,-5.867911],[42.879099,-5.866964],[42.878479,-5.865533],[42.877415,-5.865652],[42.876315,-5.867167],[42.875075,-5.866057],[42.874546,-5.864216],[42.874685,-5.862492],[42.874856,-5.861146],[42.875117,-5.859801],[42.875298,-5.858411],[42.875363,-5.857011],[42.875354,-5.855579],[42.875106,-5.854039],[42.87412,-5.852831],[42.873144,-5.85252],[42.872658,-5.853028],[42.872434,-5.853689],[42.87192,-5.854092],[42.871391,-5.854425],[42.871208,-5.855118],[42.871155,-5.855964],[42.870603,-5.856976],[42.869427,-5.85685],[42.867947,-5.856368],[42.867898,-5.858098],[42.867805,-5.859239],[42.867321,-5.860139],[42.86657,-5.860826],[42.865922,-5.86138],[42.865481,-5.862125],[42.864886,-5.862692],[42.863981,-5.863339],[42.862664,-5.864048],[42.861883,-5.865693],[42.860859,-5.864899],[42.860061,-5.863696],[42.859608,-5.863258],[42.859232,-5.862852],[42.859181,-5.862313],[42.859211,-5.861772],[42.859242,-5.86126],[42.85919,-5.860783],[42.859004,-5.860419],[42.858786,-5.860058],[42.858534,-5.859808],[42.858207,-5.859778],[42.857849,-5.859988],[42.857459,-5.860277],[42.856952,-5.86086],[42.856014,-5.86171],[42.854834,-5.862063],[42.853633,-5.861872],[42.852477,-5.860692],[42.851521,-5.859043],[42.850427,-5.857712],[42.849957,-5.856049],[42.849092,-5.856754],[42.849007,-5.858582],[42.848125,-5.859489],[42.846983,-5.859307],[42.845857,-5.858856],[42.844408,-5.858752],[42.842965,-5.858936],[42.842493,-5.860079],[42.841577,-5.86178],[42.84071,-5.863418],[42.840449,-5.865847],[42.839754,-5.868059],[42.83858,-5.869242],[42.836931,-5.870209],[42.83533,-5.870166],[42.833558,-5.869849],[42.832167,-5.869687],[42.830809,-5.869517],[42.829625,-5.869798],[42.828766,-5.870457],[42.828212,-5.871267],[42.827677,-5.871913],[42.827184,-5.871163],[42.827235,-5.869517],[42.827832,-5.867812],[42.828258,-5.866389],[42.828434,-5.864643],[42.828151,-5.862946],[42.827681,-5.860999],[42.827071,-5.859709],[42.826291,-5.858376],[42.825515,-5.85714],[42.824591,-5.855766],[42.824023,-5.854221],[42.823378,-5.85262],[42.822916,-5.85113],[42.822494,-5.849691],[42.822065,-5.848289],[42.821558,-5.846998],[42.820523,-5.846381],[42.820433,-5.845152],[42.820844,-5.843922],[42.821273,-5.842672],[42.822002,-5.841542],[42.822869,-5.840222],[42.823051,-5.838674],[42.822896,-5.837221],[42.822187,-5.836135],[42.821246,-5.83539],[42.82017,-5.834628],[42.819029,-5.834031],[42.817762,-5.833511],[42.816407,-5.833285],[42.815267,-5.832801],[42.814404,-5.831862],[42.813249,-5.831514],[42.812126,-5.831006],[42.811851,-5.829503],[42.811855,-5.827913],[42.811734,-5.826216],[42.810866,-5.825011],[42.810019,-5.824122],[42.809072,-5.824076],[42.808387,-5.823971],[42.807878,-5.823897],[42.807381,-5.823834],[42.806904,-5.823858],[42.806443,-5.823649],[42.806029,-5.823167],[42.805589,-5.822701],[42.804995,-5.823364],[42.804192,-5.824011],[42.803253,-5.82486],[42.802074,-5.82441],[42.800685,-5.823438],[42.799742,-5.821634],[42.798917,-5.81987],[42.79779,-5.819149],[42.796789,-5.818499],[42.796102,-5.817392],[42.795592,-5.816002],[42.795222,-5.814482],[42.794592,-5.813304],[42.793666,-5.812461],[42.7927,-5.811543],[42.792025,-5.810567],[42.791583,-5.809133],[42.791381,-5.807693],[42.790861,-5.806635],[42.790124,-5.805882],[42.789177,-5.805465],[42.788214,-5.805033],[42.787103,-5.804568],[42.786065,-5.804259],[42.785099,-5.803873],[42.784453,-5.803225],[42.784154,-5.801807],[42.784225,-5.800507],[42.784274,-5.799143],[42.784329,-5.7979],[42.784298,-5.796695],[42.78424,-5.795462],[42.784185,-5.794369],[42.784149,-5.793363],[42.784162,-5.792235],[42.784191,-5.791073],[42.78421,-5.789951],[42.784239,-5.788855],[42.784247,-5.787751],[42.784278,-5.786678],[42.784311,-5.78558],[42.784322,-5.784576],[42.784328,-5.783612],[42.784335,-5.782764],[42.78452,-5.781795],[42.784806,-5.780665],[42.785071,-5.779517],[42.78531,-5.77845],[42.785454,-5.777339],[42.785569,-5.776198],[42.785688,-5.774987],[42.785809,-5.773717],[42.785824,-5.772237],[42.785723,-5.770692],[42.78568,-5.769018],[42.785637,-5.767469],[42.78559,-5.765874],[42.785547,-5.764444],[42.785469,-5.76295],[42.785427,-5.76166],[42.785453,-5.760263],[42.785484,-5.759269],[42.785555,-5.758473],[42.785561,-5.757855],[42.785519,-5.757501],[42.785757,-5.75715],[42.786197,-5.756162],[42.786436,-5.755216],[42.786643,-5.754433],[42.78688,-5.753551],[42.787116,-5.752627],[42.787208,-5.751716],[42.787241,-5.750985],[42.787271,-5.750297],[42.787293,-5.749545],[42.787318,-5.748377],[42.787324,-5.747338],[42.787508,-5.746304],[42.787888,-5.745694],[42.788204,-5.745352],[42.788435,-5.745025],[42.788638,-5.744672],[42.788809,-5.744232],[42.788937,-5.743659],[42.789047,-5.743007],[42.789152,-5.742369],[42.789259,-5.741716],[42.789352,-5.741139],[42.789455,-5.740555],[42.789578,-5.740054],[42.789747,-5.739553],[42.789953,-5.739153],[42.79023,-5.738782],[42.79052,-5.738444],[42.790827,-5.738088],[42.791155,-5.737723],[42.791497,-5.737333],[42.791863,-5.736916],[42.792218,-5.73653],[42.792626,-5.736091],[42.793058,-5.735609],[42.793467,-5.735164],[42.793874,-5.734702],[42.794312,-5.734271],[42.794735,-5.733993],[42.795089,-5.733817],[42.795404,-5.733642],[42.795707,-5.733406],[42.795931,-5.733157],[42.796139,-5.732815],[42.796278,-5.732465],[42.796397,-5.732071],[42.796445,-5.731668],[42.796449,-5.73127],[42.796421,-5.730851],[42.79638,-5.730445],[42.796342,-5.730037],[42.796286,-5.729625],[42.796263,-5.729202],[42.796234,-5.728826],[42.796204,-5.728457],[42.796189,-5.728123],[42.796213,-5.727783],[42.796246,-5.727463],[42.79629,-5.727165],[42.796354,-5.726858],[42.796422,-5.726549],[42.796498,-5.726232],[42.796546,-5.72594],[42.796594,-5.725612],[42.796624,-5.725273],[42.796642,-5.724906],[42.796645,-5.724556],[42.796644,-5.724217],[42.796647,-5.723841],[42.796636,-5.723462],[42.796642,-5.723075],[42.796639,-5.722681],[42.796627,-5.722172],[42.796632,-5.72173],[42.796633,-5.72144],[42.796647,-5.72129],[42.796712,-5.720883],[42.796796,-5.720379],[42.796923,-5.719788],[42.797014,-5.719322],[42.797092,-5.718906],[42.797169,-5.71849],[42.797258,-5.718007],[42.797357,-5.717331],[42.797321,-5.716272],[42.797074,-5.715077],[42.796783,-5.713347],[42.796518,-5.711186],[42.796397,-5.708813],[42.79638,-5.706304],[42.796356,-5.703754],[42.796338,-5.701234],[42.796261,-5.698666],[42.795861,-5.695956],[42.795639,-5.693247],[42.796263,-5.69081],[42.797291,-5.688559],[42.798337,-5.687437],[42.799181,-5.686423],[42.799421,-5.685804],[42.799607,-5.685329],[42.799879,-5.684383],[42.800115,-5.683237],[42.800161,-5.681841],[42.800155,-5.680148],[42.800157,-5.678293],[42.800169,-5.676498],[42.80019,-5.674476],[42.800267,-5.672567],[42.800851,-5.671289],[42.801509,-5.670342],[42.801869,-5.669261],[42.801892,-5.667935],[42.801842,-5.666329],[42.802143,-5.664382],[42.802377,-5.662128],[42.801596,-5.660153],[42.801239,-5.658225],[42.801687,-5.656402],[42.802185,-5.654573],[42.80272,-5.652648],[42.803273,-5.650635],[42.803864,-5.648517],[42.804416,-5.64651],[42.805155,-5.644963],[42.805613,-5.642841],[42.805905,-5.640803],[42.806344,-5.639477],[42.80693,-5.639204],[42.807419,-5.638148],[42.807812,-5.63702],[42.808003,-5.63591],[42.808069,-5.634452],[42.807604,-5.633555],[42.806825,-5.63408],[42.806322,-5.633634],[42.805919,-5.632565]]', '63b1rvo95yo8', '99r4osm75ys5', '3075209b343f2d7bac91');
INSERT INTO `races` (`id`, `name`, `race_day`, `positive_slope`, `negative_slope`, `total_slope`, `distance`, `poblation`, `main_photo`, `regulation`, `webRef`, `coor`, `id_category`, `id_modality`, `id_organizer`) VALUES
('7578dcc71cc3f9cf9df5', 'Valporquero', '2024-02-02', 1496.8, 1479.8, 2976.6, 12, 'Valporquero', 'valporquero.png', 'valporquero.pdf', 'www.strava.com', '[[42.883704,-5.532489],[42.883624,-5.532433],[42.882698,-5.53191],[42.881965,-5.531208],[42.881966,-5.530152],[42.882177,-5.529387],[42.882274,-5.528371],[42.882256,-5.527377],[42.881704,-5.526631],[42.880532,-5.526105],[42.879283,-5.525722],[42.877944,-5.525552],[42.87669,-5.525459],[42.875541,-5.525403],[42.874509,-5.52511],[42.873726,-5.524462],[42.872953,-5.523816],[42.872468,-5.5235],[42.87128,-5.523132],[42.870633,-5.522897],[42.869618,-5.522529],[42.868649,-5.522165],[42.867631,-5.522047],[42.867442,-5.521922],[42.865477,-5.521009],[42.864542,-5.520144],[42.863709,-5.519267],[42.862622,-5.518854],[42.861597,-5.519016],[42.860622,-5.519098],[42.859475,-5.519223],[42.858489,-5.519191],[42.857344,-5.519212],[42.856222,-5.519485],[42.855571,-5.520683],[42.854747,-5.521571],[42.853857,-5.522276],[42.853069,-5.523072],[42.852235,-5.523709],[42.851271,-5.523704],[42.850326,-5.523537],[42.849404,-5.523371],[42.848484,-5.5232],[42.847592,-5.522998],[42.846723,-5.522665],[42.845812,-5.522309],[42.84486,-5.521937],[42.843917,-5.521585],[42.843056,-5.521197],[42.842161,-5.520717],[42.841419,-5.52019],[42.840743,-5.519423],[42.840087,-5.518577],[42.83981,-5.517336],[42.839589,-5.516094],[42.839253,-5.514922],[42.838811,-5.513876],[42.838378,-5.512823],[42.838142,-5.511916],[42.838456,-5.510931],[42.83869,-5.509989],[42.83894,-5.508902],[42.839204,-5.507807],[42.839535,-5.506821],[42.839925,-5.505902],[42.840569,-5.504841],[42.841564,-5.503641],[42.842141,-5.502299],[42.842736,-5.500854],[42.843208,-5.499681],[42.843581,-5.498722],[42.843949,-5.497777],[42.8443,-5.496838],[42.844654,-5.495748],[42.844839,-5.494784],[42.844972,-5.493764],[42.8451,-5.492816],[42.845224,-5.491882],[42.845367,-5.490865],[42.845505,-5.490002],[42.845724,-5.488878],[42.84594,-5.487825],[42.84612,-5.486936],[42.846351,-5.485809],[42.846626,-5.484881],[42.847068,-5.483943],[42.847619,-5.483084],[42.848081,-5.482315],[42.848485,-5.481265],[42.848678,-5.480293],[42.848868,-5.47941],[42.84906,-5.478555],[42.849244,-5.477682],[42.849436,-5.476743],[42.849639,-5.475762],[42.849844,-5.474745],[42.850057,-5.47367],[42.850259,-5.472722],[42.85044,-5.471774],[42.850629,-5.47071],[42.85078,-5.469599],[42.850872,-5.468677],[42.850929,-5.467719],[42.85099,-5.466736],[42.851067,-5.465667],[42.85117,-5.464757],[42.851263,-5.463877],[42.851373,-5.462932],[42.85147,-5.46206],[42.851557,-5.461186],[42.851602,-5.460321],[42.851572,-5.459255],[42.85151,-5.458192],[42.851457,-5.457324],[42.851415,-5.456442],[42.851448,-5.455459],[42.851594,-5.454411],[42.851833,-5.453095],[42.852299,-5.45124],[42.853174,-5.448103],[42.853556,-5.444998],[42.853843,-5.442355],[42.854066,-5.440338],[42.854307,-5.438194],[42.854596,-5.435616],[42.854929,-5.433485],[42.855225,-5.43172],[42.855613,-5.430721],[42.856225,-5.429632],[42.856323,-5.428068],[42.856235,-5.426451],[42.855979,-5.42465],[42.855783,-5.423298],[42.855614,-5.422077],[42.855424,-5.420709],[42.855232,-5.419307],[42.855025,-5.417777],[42.8548,-5.416114],[42.854584,-5.414481],[42.854794,-5.413032],[42.855493,-5.411953],[42.856458,-5.411407],[42.857556,-5.410586],[42.858495,-5.409888],[42.8594,-5.409097],[42.860266,-5.40833],[42.86114,-5.407511],[42.862117,-5.406564],[42.862939,-5.405737],[42.863792,-5.404918],[42.864622,-5.404239],[42.865421,-5.403736],[42.866201,-5.403247],[42.867005,-5.402757],[42.86784,-5.402252],[42.868641,-5.40177],[42.869429,-5.401281],[42.870316,-5.400714],[42.871324,-5.400454],[42.87229,-5.400666],[42.87315,-5.400866],[42.874036,-5.401064],[42.874899,-5.401289],[42.875557,-5.401732],[42.87633,-5.40154],[42.877034,-5.400991],[42.877765,-5.400442],[42.878466,-5.399995],[42.878944,-5.399608],[42.879437,-5.399266],[42.879844,-5.398835],[42.880195,-5.398411],[42.880608,-5.398049],[42.881067,-5.397679],[42.8814,-5.397149],[42.881675,-5.396478],[42.881909,-5.395702],[42.882433,-5.395817],[42.883386,-5.396166],[42.884441,-5.397019],[42.885167,-5.398109],[42.885913,-5.3991],[42.88643,-5.400186],[42.886857,-5.401295],[42.887649,-5.401986],[42.888235,-5.401839],[42.888877,-5.401825],[42.88936,-5.401927],[42.889725,-5.401466],[42.890191,-5.400983],[42.890765,-5.400626],[42.891465,-5.400227],[42.89229,-5.400153],[42.893128,-5.400307],[42.893947,-5.400829],[42.894912,-5.400517],[42.895766,-5.400162],[42.896624,-5.400082],[42.897491,-5.400632],[42.898363,-5.400446],[42.899162,-5.399918],[42.900104,-5.399409],[42.900823,-5.398532],[42.901794,-5.398175],[42.902691,-5.398119],[42.903662,-5.398209],[42.90449,-5.397867],[42.905479,-5.397258],[42.906387,-5.396996],[42.907343,-5.396897],[42.908148,-5.397126],[42.908958,-5.397388],[42.90968,-5.397919],[42.91029,-5.398489],[42.910894,-5.399159],[42.911665,-5.399842],[42.912741,-5.400061],[42.913456,-5.399448],[42.914186,-5.399023],[42.915115,-5.399814],[42.915931,-5.399834],[42.916039,-5.398801],[42.916693,-5.398429],[42.917479,-5.398618],[42.91833,-5.398628],[42.918837,-5.399504],[42.919596,-5.399992],[42.920349,-5.399398],[42.921229,-5.399659],[42.922065,-5.400232],[42.92294,-5.400198],[42.92347,-5.40116],[42.923493,-5.402456],[42.923852,-5.403781],[42.924655,-5.404614],[42.925309,-5.404046],[42.926059,-5.403934],[42.926837,-5.40462],[42.927125,-5.405707],[42.927934,-5.406142],[42.928652,-5.406188],[42.929236,-5.406659],[42.929902,-5.407184],[42.930632,-5.407629],[42.93142,-5.408112],[42.932235,-5.408523],[42.932933,-5.408272],[42.933475,-5.407585],[42.934304,-5.407764],[42.93504,-5.40723],[42.93553,-5.40642],[42.936114,-5.40578],[42.936865,-5.405817],[42.937481,-5.406506],[42.938227,-5.406443],[42.938682,-5.405717],[42.939123,-5.404978],[42.939797,-5.404659],[42.940549,-5.404394],[42.941452,-5.404355],[42.942398,-5.404396],[42.94337,-5.404794],[42.944261,-5.404965],[42.945093,-5.404706],[42.945799,-5.404072],[42.946355,-5.403243],[42.947112,-5.402754],[42.947857,-5.402569],[42.94863,-5.40263],[42.949545,-5.402654],[42.950361,-5.402716],[42.951045,-5.402631],[42.951542,-5.40194],[42.951784,-5.401087],[42.952088,-5.400167],[42.952879,-5.40051],[42.953579,-5.40115],[42.954369,-5.401214],[42.955044,-5.401668],[42.955396,-5.402544],[42.955857,-5.403211],[42.956576,-5.403121],[42.957488,-5.402863],[42.958256,-5.402478],[42.958873,-5.402372],[42.959479,-5.402486],[42.960056,-5.402233],[42.96074,-5.401993],[42.961427,-5.401979],[42.962083,-5.402154],[42.962706,-5.402604],[42.96346,-5.402793],[42.964305,-5.402989],[42.96513,-5.403191],[42.965892,-5.403367],[42.966471,-5.403708],[42.966691,-5.404437],[42.966985,-5.40538],[42.967745,-5.406361],[42.968702,-5.406933],[42.969653,-5.407484],[42.970425,-5.408609],[42.971067,-5.409518],[42.971615,-5.410271],[42.972165,-5.411071],[42.972813,-5.411692],[42.973632,-5.4114],[42.974395,-5.411593],[42.975153,-5.411766],[42.975797,-5.412457],[42.976441,-5.412995],[42.977186,-5.413396],[42.977977,-5.413802],[42.978805,-5.414208],[42.979594,-5.414539],[42.980386,-5.41478],[42.981181,-5.414965],[42.981846,-5.41507],[42.982429,-5.414851],[42.983014,-5.41469],[42.983668,-5.414747],[42.98438,-5.414863],[42.985042,-5.414901],[42.985862,-5.41474],[42.986742,-5.414576],[42.987638,-5.414399],[42.988465,-5.414237],[42.989144,-5.414095],[42.989622,-5.414166],[42.989896,-5.414689],[42.990144,-5.415321],[42.990526,-5.415958],[42.991001,-5.416546],[42.991797,-5.416995],[42.992498,-5.416901],[42.993189,-5.41701],[42.993901,-5.416979],[42.994686,-5.416875],[42.995327,-5.417136],[42.995871,-5.417057],[42.996373,-5.416956],[42.996844,-5.417126],[42.997325,-5.417238],[42.997846,-5.417355],[42.998374,-5.417532],[42.998607,-5.418126],[42.998549,-5.418849],[42.998376,-5.419705],[42.998055,-5.420794],[42.997737,-5.421918],[42.997675,-5.423073],[42.998099,-5.42394],[42.998761,-5.424693],[42.999416,-5.425438],[43.00007,-5.426055],[43.000694,-5.426586],[43.001288,-5.42704],[43.001742,-5.427458],[43.002142,-5.427883],[43.002554,-5.428293],[43.002933,-5.428645],[43.003314,-5.429071],[43.003735,-5.429539],[43.004155,-5.430167],[43.004562,-5.430995],[43.005121,-5.431932],[43.005851,-5.432663],[43.006295,-5.433405],[43.006693,-5.434291],[43.007036,-5.435115],[43.007334,-5.435888],[43.007593,-5.436692],[43.007701,-5.437514],[43.007913,-5.438411],[43.008213,-5.439336],[43.008593,-5.440087],[43.009251,-5.440691],[43.01009,-5.441532],[43.010944,-5.442209],[43.011845,-5.442816],[43.012619,-5.443367],[43.013245,-5.44397],[43.013951,-5.444352],[43.014565,-5.444578],[43.015135,-5.444632],[43.015696,-5.444789],[43.016138,-5.44512],[43.016495,-5.445403],[43.01692,-5.445423],[43.017343,-5.44513],[43.017723,-5.445004],[43.018113,-5.444772],[43.018455,-5.444478],[43.01884,-5.444435],[43.019233,-5.444576],[43.019363,-5.443988],[43.019717,-5.443582],[43.019935,-5.443123],[43.020182,-5.442766],[43.020567,-5.442711],[43.020933,-5.442839],[43.021269,-5.443043],[43.021575,-5.443269],[43.021738,-5.443684],[43.021751,-5.44416],[43.021874,-5.444606],[43.022194,-5.444431],[43.022417,-5.444004],[43.022813,-5.444182],[43.023175,-5.444117],[43.023375,-5.443689],[43.023603,-5.443365],[43.023877,-5.443405],[43.02417,-5.443451],[43.024489,-5.443507],[43.024861,-5.443536],[43.02521,-5.443568],[43.025555,-5.443636],[43.025891,-5.443749],[43.026268,-5.443742],[43.026638,-5.443704],[43.027001,-5.443815],[43.027258,-5.443557],[43.027552,-5.442941],[43.028065,-5.442741],[43.028506,-5.442685],[43.028906,-5.442641],[43.029305,-5.442673],[43.029748,-5.442847],[43.030122,-5.443151],[43.030507,-5.443791],[43.030816,-5.444299],[43.031044,-5.444941],[43.031161,-5.44565],[43.031521,-5.446465],[43.032018,-5.447184],[43.032658,-5.448103],[43.033211,-5.44888],[43.033655,-5.449499],[43.033991,-5.449967],[43.034295,-5.450386],[43.034604,-5.450848],[43.034945,-5.451399],[43.035407,-5.452149],[43.035769,-5.452704],[43.036089,-5.453211],[43.036343,-5.453612],[43.036585,-5.454001],[43.036838,-5.454387],[43.037078,-5.454796],[43.037336,-5.455334],[43.037627,-5.455894],[43.037864,-5.456393],[43.038073,-5.45686],[43.038234,-5.457278],[43.038402,-5.457693],[43.038533,-5.458137],[43.038517,-5.458642],[43.03848,-5.459148],[43.038528,-5.45973],[43.038606,-5.460357],[43.038656,-5.460891],[43.038659,-5.461378],[43.038654,-5.461862],[43.038661,-5.462351],[43.038665,-5.462913],[43.038662,-5.463668],[43.038677,-5.46429],[43.038764,-5.464753],[43.038895,-5.465182],[43.039039,-5.465598],[43.039143,-5.466052],[43.039203,-5.466534],[43.039197,-5.467122],[43.039102,-5.467821],[43.039094,-5.468528],[43.038927,-5.469285],[43.039377,-5.469529],[43.039887,-5.469427],[43.040109,-5.469849],[43.040081,-5.470306],[43.039906,-5.470694],[43.039719,-5.471063],[43.039543,-5.471442],[43.039398,-5.471841],[43.039274,-5.472211],[43.039147,-5.472582],[43.039011,-5.47301],[43.039091,-5.473301],[43.039087,-5.473226],[43.039034,-5.473226],[43.038976,-5.473105],[43.039123,-5.472608],[43.039589,-5.471261],[43.039972,-5.469536],[43.03894,-5.469433],[43.039097,-5.467869],[43.039139,-5.466178],[43.038656,-5.464152],[43.038635,-5.461774],[43.038475,-5.459255],[43.038084,-5.456961],[43.037036,-5.454767],[43.035771,-5.452756],[43.034532,-5.4508],[43.033233,-5.448948],[43.031955,-5.447134],[43.031094,-5.445413],[43.030322,-5.443532],[43.028789,-5.442685],[43.027286,-5.443502],[43.026176,-5.443771],[43.024357,-5.443496],[43.023176,-5.444116],[43.022206,-5.44444],[43.021722,-5.443748],[43.020583,-5.442727],[43.019801,-5.443532],[43.019304,-5.444544],[43.018283,-5.444679],[43.017072,-5.445407],[43.015888,-5.444971],[43.014536,-5.444586],[43.013451,-5.444119],[43.013187,-5.443972],[43.013006,-5.443717],[43.012322,-5.443202],[43.01146,-5.442611],[43.010464,-5.441866],[43.009579,-5.441012],[43.008712,-5.440227],[43.008086,-5.43903],[43.007709,-5.43764],[43.007371,-5.436031],[43.006688,-5.434373],[43.005963,-5.432873],[43.004933,-5.431804],[43.004291,-5.430615],[43.003577,-5.42945],[43.002597,-5.428411],[43.001383,-5.427187],[43.000069,-5.426103],[42.998928,-5.424942],[42.997988,-5.42388],[42.997582,-5.422561],[42.997877,-5.421078],[42.998263,-5.419783],[42.998532,-5.418473],[42.997849,-5.417378],[42.99648,-5.417014],[42.995032,-5.417025],[42.993541,-5.417036],[42.992186,-5.416885],[42.99102,-5.416616],[42.990236,-5.415589],[42.989615,-5.414178],[42.988179,-5.414301],[42.986804,-5.414587],[42.98572,-5.414802],[42.984771,-5.414947],[42.983736,-5.414799],[42.982679,-5.414858],[42.981366,-5.415104],[42.980056,-5.414834],[42.978944,-5.41432],[42.97781,-5.41377],[42.977014,-5.413397],[42.977423,-5.413497],[42.974743,-5.411654],[42.973689,-5.41153],[42.972597,-5.411779],[42.971872,-5.410783],[42.971088,-5.40961],[42.97024,-5.408376],[42.969523,-5.407402],[42.968612,-5.406936],[42.967712,-5.406378],[42.967073,-5.405599],[42.966708,-5.404731],[42.966336,-5.403632],[42.965118,-5.403267],[42.963916,-5.402976],[42.962825,-5.402713],[42.961779,-5.402086],[42.960499,-5.402107],[42.959343,-5.402554],[42.958115,-5.402569],[42.956911,-5.40313],[42.95598,-5.40332],[42.955782,-5.403226],[42.954526,-5.401381],[42.953604,-5.401143],[42.952818,-5.40024],[42.951929,-5.400779],[42.951498,-5.402038],[42.950614,-5.402785],[42.9494,-5.402708],[42.948346,-5.402696],[42.947135,-5.402811],[42.946112,-5.403597],[42.945314,-5.404551],[42.944327,-5.40499],[42.94325,-5.404777],[42.942261,-5.40437],[42.941272,-5.404431],[42.940278,-5.404488],[42.939326,-5.40487],[42.938538,-5.405965],[42.937593,-5.406567],[42.936734,-5.4057],[42.935788,-5.406045],[42.93506,-5.40718],[42.934173,-5.407698],[42.933322,-5.407779],[42.932506,-5.408561],[42.931431,-5.408139],[42.930504,-5.407598],[42.92949,-5.406909],[42.92861,-5.406188],[42.927767,-5.406547],[42.927348,-5.407143],[42.927221,-5.40779],[42.927141,-5.408406],[42.92692,-5.409035],[42.926861,-5.409639],[42.926848,-5.410148],[42.926925,-5.410666],[42.926949,-5.411139],[42.926895,-5.41158],[42.926918,-5.412102],[42.92699,-5.412629],[42.927068,-5.413157],[42.927221,-5.413681],[42.927246,-5.414193],[42.927497,-5.414588],[42.927791,-5.414916],[42.927974,-5.415284],[42.928192,-5.415659],[42.928365,-5.416102],[42.928275,-5.416647],[42.928149,-5.417109],[42.927941,-5.417514],[42.927731,-5.417922],[42.927378,-5.418094],[42.927175,-5.417954],[42.926728,-5.418038],[42.926494,-5.418436],[42.926266,-5.419004],[42.926085,-5.419472],[42.926112,-5.420073],[42.926388,-5.420452],[42.926647,-5.420766],[42.926906,-5.420976],[42.927255,-5.421113],[42.927617,-5.421236],[42.927937,-5.421455],[42.92808,-5.421958],[42.928056,-5.422464],[42.928067,-5.423119],[42.928052,-5.424026],[42.928781,-5.424666],[42.929872,-5.425665],[42.930814,-5.426302],[42.931795,-5.427118],[42.932907,-5.428504],[42.934051,-5.428917],[42.9351,-5.429284],[42.936202,-5.429674],[42.937071,-5.429985],[42.93775,-5.430309],[42.938249,-5.430715],[42.938684,-5.43114],[42.939145,-5.43162],[42.939587,-5.432035],[42.940057,-5.432501],[42.940531,-5.433125],[42.940773,-5.43388],[42.941045,-5.434594],[42.941309,-5.435212],[42.941456,-5.43581],[42.941481,-5.436321],[42.941516,-5.436797],[42.94148,-5.43733],[42.941482,-5.43779],[42.941458,-5.438221],[42.941365,-5.43875],[42.941379,-5.439139],[42.941395,-5.439551],[42.941531,-5.439908],[42.941587,-5.440548],[42.941656,-5.441047],[42.941748,-5.441556],[42.941852,-5.442079],[42.941979,-5.442582],[42.942084,-5.443005],[42.942188,-5.443556],[42.942252,-5.444095],[42.942312,-5.444556],[42.942355,-5.445026],[42.942246,-5.44554],[42.941944,-5.44628],[42.94178,-5.446796],[42.941975,-5.447154],[42.942243,-5.447438],[42.94251,-5.447913],[42.942423,-5.448455],[42.942401,-5.449009],[42.942535,-5.449588],[42.942468,-5.45018],[42.942412,-5.450686],[42.942339,-5.451182],[42.94225,-5.451723],[42.942269,-5.452256],[42.942289,-5.452748],[42.942325,-5.453268],[42.942344,-5.45374],[42.942367,-5.454262],[42.942382,-5.454798],[42.942356,-5.455325],[42.942345,-5.45578],[42.942331,-5.456267],[42.942334,-5.456854],[42.942426,-5.457306],[42.942529,-5.457769],[42.942711,-5.458108],[42.942941,-5.458449],[42.943192,-5.45879],[42.943447,-5.459226],[42.943701,-5.459825],[42.944164,-5.460217],[42.944716,-5.460288],[42.945173,-5.460633],[42.945553,-5.461167],[42.945939,-5.461713],[42.946208,-5.462348],[42.946428,-5.46306],[42.946342,-5.463982],[42.946159,-5.465043],[42.946103,-5.465717],[42.946147,-5.46571],[42.946135,-5.465761],[42.946159,-5.466392],[42.946551,-5.467671],[42.947285,-5.468994],[42.947816,-5.470702],[42.947171,-5.471912],[42.946135,-5.473089],[42.9459,-5.474766],[42.945794,-5.476662],[42.946224,-5.478353],[42.947224,-5.479887],[42.948445,-5.4807],[42.949714,-5.480746],[42.951359,-5.480723],[42.951748,-5.482342],[42.952226,-5.484661],[42.952318,-5.487049],[42.952017,-5.489209],[42.951577,-5.490853],[42.951168,-5.492683],[42.951115,-5.494311],[42.95112,-5.494654],[42.951047,-5.494845],[42.950868,-5.495468],[42.950423,-5.496616],[42.950058,-5.497649],[42.949727,-5.498601],[42.949446,-5.499784],[42.949153,-5.500952],[42.948511,-5.501729],[42.948369,-5.502891],[42.948655,-5.504053],[42.948879,-5.505342],[42.948848,-5.506822],[42.94928,-5.508426],[42.949314,-5.51003],[42.949435,-5.511682],[42.950028,-5.512839],[42.949666,-5.514473],[42.949301,-5.516027],[42.949169,-5.517633],[42.949048,-5.519105],[42.948954,-5.520528],[42.949235,-5.521975],[42.949438,-5.52349],[42.949616,-5.52486],[42.949788,-5.526213],[42.949996,-5.527483],[42.949381,-5.529187],[42.948751,-5.530536],[42.948552,-5.531995],[42.948514,-5.533298],[42.948628,-5.534531],[42.948591,-5.535918],[42.948886,-5.537365],[42.948925,-5.538952],[42.948843,-5.540549],[42.94953,-5.54173],[42.94957,-5.543272],[42.949796,-5.544587],[42.950068,-5.545904],[42.949993,-5.547249],[42.949605,-5.548541],[42.949151,-5.549845],[42.948788,-5.551234],[42.948176,-5.552404],[42.947492,-5.553391],[42.946792,-5.554254],[42.946301,-5.554297],[42.945394,-5.553556],[42.944194,-5.553248],[42.943084,-5.552949],[42.941926,-5.552804],[42.940633,-5.552582],[42.939482,-5.55212],[42.938646,-5.55128],[42.937945,-5.54999],[42.937514,-5.548439],[42.936496,-5.547237],[42.935659,-5.546104],[42.934667,-5.545292],[42.933446,-5.544699],[42.932228,-5.544129],[42.931116,-5.543431],[42.930068,-5.5432],[42.929015,-5.54342],[42.927854,-5.543305],[42.926759,-5.542794],[42.925734,-5.541718],[42.925043,-5.540238],[42.924458,-5.539458],[42.922963,-5.539742],[42.92191,-5.539881],[42.920738,-5.539776],[42.919572,-5.539129],[42.918423,-5.539178],[42.917821,-5.540168],[42.917515,-5.541244],[42.917804,-5.542112],[42.917564,-5.542562],[42.917261,-5.542788],[42.917127,-5.543092],[42.917005,-5.543421],[42.916941,-5.543765],[42.91691,-5.544145],[42.917015,-5.543843],[42.917151,-5.543394],[42.917397,-5.542973],[42.917539,-5.543172],[42.91728,-5.543563],[42.917207,-5.543964],[42.917267,-5.544276],[42.917335,-5.544731],[42.917496,-5.545154],[42.917667,-5.545555],[42.917967,-5.545815],[42.917867,-5.546228],[42.917403,-5.546312],[42.917023,-5.546442],[42.91676,-5.546094],[42.916443,-5.546117],[42.916255,-5.54645],[42.915955,-5.546719],[42.915609,-5.5468],[42.915322,-5.546967],[42.915039,-5.547144],[42.914747,-5.547319],[42.914475,-5.547521],[42.914381,-5.547796],[42.914617,-5.547705],[42.914872,-5.547596],[42.91514,-5.54752],[42.915437,-5.547569],[42.915724,-5.547578],[42.916017,-5.547491],[42.916277,-5.547232],[42.916548,-5.54723],[42.916712,-5.547527],[42.916941,-5.547662],[42.917202,-5.547454],[42.917484,-5.547355],[42.917796,-5.547415],[42.918032,-5.547647],[42.918212,-5.547978],[42.918353,-5.548276],[42.918472,-5.548673],[42.918551,-5.549027],[42.918545,-5.549471],[42.918301,-5.549425],[42.918165,-5.548638],[42.917782,-5.547931],[42.917208,-5.5481],[42.916946,-5.548372],[42.916652,-5.548542],[42.916311,-5.548585],[42.916054,-5.548876],[42.915902,-5.549183],[42.915754,-5.549509],[42.915588,-5.549859],[42.915365,-5.550146],[42.915119,-5.550407],[42.914883,-5.550642],[42.914644,-5.55092],[42.914428,-5.551207],[42.914281,-5.551645],[42.914181,-5.552036],[42.914043,-5.552388],[42.913805,-5.552681],[42.913591,-5.55299],[42.913416,-5.553321],[42.913275,-5.553757],[42.913167,-5.55421],[42.913105,-5.554702],[42.913096,-5.555114],[42.91308,-5.555576],[42.913081,-5.55601],[42.913091,-5.556469],[42.91306,-5.556956],[42.912952,-5.557303],[42.912825,-5.557684],[42.912802,-5.558087],[42.912833,-5.558461],[42.912923,-5.558829],[42.913016,-5.559182],[42.913058,-5.559556],[42.913007,-5.559972],[42.913019,-5.560325],[42.913085,-5.560694],[42.913162,-5.561033],[42.91328,-5.561349],[42.913454,-5.561596],[42.913627,-5.561852],[42.913487,-5.562327],[42.913136,-5.562394],[42.912971,-5.562683],[42.91283,-5.563022],[42.912693,-5.563357],[42.912543,-5.563712],[42.912501,-5.56408],[42.912531,-5.564489],[42.912572,-5.564904],[42.912655,-5.565281],[42.912732,-5.56568],[42.912605,-5.566026],[42.91235,-5.56629],[42.912046,-5.566521],[42.911693,-5.566447],[42.911476,-5.566072],[42.911211,-5.565742],[42.911059,-5.565443],[42.910942,-5.565167],[42.910851,-5.564889],[42.910732,-5.564554],[42.91059,-5.564251],[42.910452,-5.563942],[42.91027,-5.563683],[42.910082,-5.563367],[42.909925,-5.562998],[42.909747,-5.562629],[42.909629,-5.562053],[42.909386,-5.561436],[42.909363,-5.56102],[42.909348,-5.560689],[42.909152,-5.56049],[42.90898,-5.56023],[42.908913,-5.559883],[42.90886,-5.559545],[42.908811,-5.559214],[42.908761,-5.558926],[42.908718,-5.558579],[42.908611,-5.558339],[42.908677,-5.55835],[42.908748,-5.558717],[42.908987,-5.56012],[42.909317,-5.561189],[42.909686,-5.562194],[42.910095,-5.563308],[42.910824,-5.564762],[42.911748,-5.566443],[42.912683,-5.565763],[42.912477,-5.563975],[42.913246,-5.56231],[42.913319,-5.56154],[42.913021,-5.559494],[42.9128,-5.55763],[42.913019,-5.555444],[42.913409,-5.553275],[42.914305,-5.551436],[42.915561,-5.549821],[42.916538,-5.548428],[42.917659,-5.547818],[42.918262,-5.549069],[42.918438,-5.549019],[42.917582,-5.54746],[42.916594,-5.547383],[42.915405,-5.547622],[42.91433,-5.547673],[42.91559,-5.546756],[42.916721,-5.545996],[42.917851,-5.546308],[42.917417,-5.545129],[42.917442,-5.543298],[42.917039,-5.543786],[42.91697,-5.543352],[42.917745,-5.542139],[42.917215,-5.54181],[42.916625,-5.542032],[42.916372,-5.541985],[42.915939,-5.541948],[42.915388,-5.542125],[42.914515,-5.542217],[42.913491,-5.541156],[42.912686,-5.540262],[42.911882,-5.540563],[42.911628,-5.54153],[42.911102,-5.540203],[42.91049,-5.53892],[42.909397,-5.539139],[42.908502,-5.53926],[42.907351,-5.539435],[42.905898,-5.539398],[42.904873,-5.53953],[42.903951,-5.539214],[42.903683,-5.539104],[42.902153,-5.538639],[42.901233,-5.539528],[42.900231,-5.539772],[42.89916,-5.539238],[42.898486,-5.538634],[42.897719,-5.538225],[42.896695,-5.53846],[42.895448,-5.539385],[42.894219,-5.539685],[42.893274,-5.538849],[42.892646,-5.537793],[42.891967,-5.53674],[42.891225,-5.53553],[42.890169,-5.53434],[42.88912,-5.533709],[42.888214,-5.53311],[42.887378,-5.532455],[42.886559,-5.531937]]', '20s0tqp46hc5', '01j5gic48lj6', '8e0095f8b4e5f08a9602'),
('fb2f29922115fe543f66', 'Prueba mapa', '0000-00-00', 1630.4, 1661, 3291.4, 234, 'Madrid', 'prueba mapa.png', 'prueba mapa.pdf', 'www.google.es', '[[43.287341,-1.835509],[43.287063,-1.835182],[43.286685,-1.834587],[43.286755,-1.833754],[43.286849,-1.83312],[43.286702,-1.832293],[43.286423,-1.831595],[43.286349,-1.830879],[43.286295,-1.830293],[43.286214,-1.829898],[43.286016,-1.829337],[43.285857,-1.828887],[43.285853,-1.8283],[43.285751,-1.827426],[43.285671,-1.826506],[43.285626,-1.825678],[43.285432,-1.825174],[43.285209,-1.824622],[43.285051,-1.823803],[43.284542,-1.823264],[43.283947,-1.823011],[43.283327,-1.822813],[43.282773,-1.822197],[43.282524,-1.820818],[43.281743,-1.820536],[43.281061,-1.820338],[43.280642,-1.820224],[43.280309,-1.820057],[43.28007,-1.819743],[43.279648,-1.81971],[43.27921,-1.819663],[43.278747,-1.819548],[43.278352,-1.819393],[43.278101,-1.819503],[43.277776,-1.819941],[43.27733,-1.820116],[43.2771,-1.820201],[43.2769,-1.820302],[43.276715,-1.820339],[43.276536,-1.820251],[43.276323,-1.820254],[43.276181,-1.820458],[43.276048,-1.820753],[43.276012,-1.820991],[43.275972,-1.821379],[43.275886,-1.821681],[43.275658,-1.821878],[43.275345,-1.821785],[43.27507,-1.821599],[43.274799,-1.821174],[43.274526,-1.820646],[43.274097,-1.820303],[43.273866,-1.819608],[43.273946,-1.819035],[43.273905,-1.818588],[43.273863,-1.818027],[43.273928,-1.81744],[43.274014,-1.816971],[43.273998,-1.816381],[43.273886,-1.815963],[43.2736,-1.815786],[43.273434,-1.815893],[43.273299,-1.816247],[43.273074,-1.816685],[43.272816,-1.816806],[43.272628,-1.8166],[43.272411,-1.816219],[43.27221,-1.815797],[43.272047,-1.815506],[43.271917,-1.815242],[43.27179,-1.814951],[43.27171,-1.814611],[43.271676,-1.814151],[43.271643,-1.813822],[43.271665,-1.813439],[43.271689,-1.812983],[43.271915,-1.812417],[43.272082,-1.81203],[43.272025,-1.81161],[43.271902,-1.811129],[43.271939,-1.810656],[43.272087,-1.810136],[43.272183,-1.809683],[43.272035,-1.809376],[43.271638,-1.809339],[43.271224,-1.809291],[43.270823,-1.809192],[43.270663,-1.808725],[43.270598,-1.808285],[43.270672,-1.807772],[43.270764,-1.807309],[43.270881,-1.806896],[43.271081,-1.806488],[43.271356,-1.806416],[43.271272,-1.806754],[43.27117,-1.807208],[43.271312,-1.807569],[43.271444,-1.807957],[43.271822,-1.808038],[43.272032,-1.80801],[43.27224,-1.808079],[43.272744,-1.808324],[43.273087,-1.808674],[43.27327,-1.809103],[43.273487,-1.809284],[43.273397,-1.808893],[43.273278,-1.808434],[43.273039,-1.808025],[43.272906,-1.807529],[43.272855,-1.806948],[43.273119,-1.806495],[43.273315,-1.805945],[43.273442,-1.805348],[43.273466,-1.80473],[43.273305,-1.8042],[43.273225,-1.80358],[43.273382,-1.80303],[43.273363,-1.802474],[43.273207,-1.801936],[43.27324,-1.801361],[43.27332,-1.800848],[43.273243,-1.800315],[43.272915,-1.799982],[43.272715,-1.799479],[43.272677,-1.799015],[43.272674,-1.798626],[43.272723,-1.798264],[43.272754,-1.797912],[43.272798,-1.797627],[43.272842,-1.797417],[43.272851,-1.797365],[43.272826,-1.797439],[43.272801,-1.797513],[43.272765,-1.797951],[43.272808,-1.799527],[43.273587,-1.800327],[43.273274,-1.801402],[43.273312,-1.801018],[43.273334,-1.800684],[43.273297,-1.800367],[43.273098,-1.800197],[43.27291,-1.800027],[43.272762,-1.799788],[43.272653,-1.799457],[43.272643,-1.799136],[43.272653,-1.798892],[43.272679,-1.798607],[43.27271,-1.798313],[43.272744,-1.798062],[43.272771,-1.797849],[43.272819,-1.797584],[43.272877,-1.797316],[43.272931,-1.797054],[43.272943,-1.796773],[43.272933,-1.796546],[43.27291,-1.796266],[43.272883,-1.79599],[43.272847,-1.795678],[43.27281,-1.795402],[43.272781,-1.795243],[43.272726,-1.795128],[43.272726,-1.795128],[43.272726,-1.795128],[43.272295,-1.790969],[43.272884,-1.789193],[43.273021,-1.787833],[43.273071,-1.785933],[43.27357,-1.784241],[43.273876,-1.783531],[43.273657,-1.782285],[43.273461,-1.780789],[43.273216,-1.781947],[43.273176,-1.78334],[43.272411,-1.784832],[43.271979,-1.786199],[43.271498,-1.785891],[43.27194,-1.784366],[43.272163,-1.782334],[43.272357,-1.780243],[43.272558,-1.777852],[43.273585,-1.776424],[43.274353,-1.775475],[43.275175,-1.77544],[43.275812,-1.776008],[43.275945,-1.775496],[43.2768,-1.774611],[43.277028,-1.773334],[43.277098,-1.772407],[43.276605,-1.772037],[43.276409,-1.771619],[43.276233,-1.771195],[43.275913,-1.770592],[43.27567,-1.769711],[43.275047,-1.7693],[43.27456,-1.76928],[43.274304,-1.768517],[43.273979,-1.768236],[43.273861,-1.768401],[43.273758,-1.76849],[43.273535,-1.768758],[43.273465,-1.769362],[43.273293,-1.769979],[43.273053,-1.770494],[43.272726,-1.770904],[43.272376,-1.771107],[43.272086,-1.771236],[43.271882,-1.771315],[43.271654,-1.77151],[43.271432,-1.771631],[43.271233,-1.771939],[43.271053,-1.772327],[43.270781,-1.772737],[43.270501,-1.773108],[43.270194,-1.773436],[43.269903,-1.773297],[43.269697,-1.773032],[43.269518,-1.772742],[43.269471,-1.772359],[43.269491,-1.771929],[43.269491,-1.7715],[43.269483,-1.771102],[43.269409,-1.770651],[43.269224,-1.770188],[43.269001,-1.769744],[43.268783,-1.769372],[43.268551,-1.76899],[43.268288,-1.768764],[43.267978,-1.768553],[43.267819,-1.768095],[43.267519,-1.767855],[43.267209,-1.767698],[43.267067,-1.767342],[43.267089,-1.76704],[43.266869,-1.76691],[43.266628,-1.766904],[43.266336,-1.766985],[43.266143,-1.767052],[43.265927,-1.767309],[43.265573,-1.767764],[43.265078,-1.768054],[43.264921,-1.76768],[43.264875,-1.76722],[43.264752,-1.766723],[43.264684,-1.766295],[43.264706,-1.765815],[43.264617,-1.765415],[43.26458,-1.764951],[43.264643,-1.764376],[43.26453,-1.764036],[43.264358,-1.764019],[43.264121,-1.764192],[43.263825,-1.76437],[43.263535,-1.764554],[43.263328,-1.764855],[43.262957,-1.764936],[43.262635,-1.764783],[43.262222,-1.764608],[43.261846,-1.764342],[43.261532,-1.764177],[43.261239,-1.764293],[43.260996,-1.764642],[43.260801,-1.765149],[43.260541,-1.765037],[43.260646,-1.764661],[43.260693,-1.764362],[43.26079,-1.764144],[43.261122,-1.763748],[43.26158,-1.763469],[43.26197,-1.763428],[43.262337,-1.763341],[43.262418,-1.763248],[43.26272,-1.763088],[43.262942,-1.762799],[43.2631,-1.762399],[43.263437,-1.762022],[43.263749,-1.761845],[43.264168,-1.761538],[43.264449,-1.761241],[43.264859,-1.761055],[43.26533,-1.760965],[43.265804,-1.760903],[43.266218,-1.760842],[43.266625,-1.76086],[43.266793,-1.761234],[43.266576,-1.761897],[43.266402,-1.762285],[43.266659,-1.762046],[43.266903,-1.761788],[43.267032,-1.761329],[43.266924,-1.76093],[43.26683,-1.760507],[43.266469,-1.760356],[43.266029,-1.76027],[43.265616,-1.760067],[43.265252,-1.760031],[43.265161,-1.760011],[43.265295,-1.759892],[43.266552,-1.759989],[43.26716,-1.760788],[43.266553,-1.762018],[43.266163,-1.761149],[43.264624,-1.761609],[43.263255,-1.762732],[43.263283,-1.762497],[43.263445,-1.762109],[43.26364,-1.761979],[43.263843,-1.761871],[43.26404,-1.761732],[43.264141,-1.761594],[43.264323,-1.761413],[43.264518,-1.761248],[43.26478,-1.761117],[43.265053,-1.761024],[43.265335,-1.760969],[43.26559,-1.760953],[43.265849,-1.760919],[43.266115,-1.760881],[43.266335,-1.760856],[43.266684,-1.760984],[43.266792,-1.761328],[43.266719,-1.761828],[43.2665,-1.762064],[43.266418,-1.762245],[43.26654,-1.762299],[43.266729,-1.762119],[43.266925,-1.761997],[43.26703,-1.761747],[43.267061,-1.761344],[43.26706,-1.761136],[43.267063,-1.760792],[43.266992,-1.760522],[43.266785,-1.760284],[43.266523,-1.760142],[43.266261,-1.76011],[43.265983,-1.760018],[43.265664,-1.759987],[43.265364,-1.759975],[43.265135,-1.759989],[43.265097,-1.759883],[43.264968,-1.759682],[43.264785,-1.758923],[43.26517,-1.75812],[43.265552,-1.75776],[43.265994,-1.757799],[43.266858,-1.757495],[43.267737,-1.757141],[43.268109,-1.756906],[43.268661,-1.75585],[43.269091,-1.75409],[43.269012,-1.751947],[43.268643,-1.750206],[43.268913,-1.748092],[43.268924,-1.747286],[43.268777,-1.748189],[43.26845,-1.749184],[43.268097,-1.750361],[43.268076,-1.749395],[43.268444,-1.747743],[43.268014,-1.746009],[43.267462,-1.744065],[43.266931,-1.742122],[43.26627,-1.740661],[43.265282,-1.74086],[43.264764,-1.739543],[43.264799,-1.738648],[43.263557,-1.737998],[43.262194,-1.737615],[43.260629,-1.736983],[43.260049,-1.735796],[43.26009,-1.735311],[43.260202,-1.734682],[43.259854,-1.733779],[43.259626,-1.732247],[43.25884,-1.731229],[43.258663,-1.730993],[43.258978,-1.732358],[43.25878,-1.73244],[43.258521,-1.731627],[43.258612,-1.731648],[43.258651,-1.73176],[43.258449,-1.73141],[43.257933,-1.730161],[43.257712,-1.728676],[43.256699,-1.72806],[43.256419,-1.726974],[43.256389,-1.726896],[43.256203,-1.726499],[43.256289,-1.726772],[43.256378,-1.727477],[43.255925,-1.72639],[43.255973,-1.72543],[43.257008,-1.72503],[43.257021,-1.724742],[43.255755,-1.724371],[43.254429,-1.723882],[43.253391,-1.723009],[43.252306,-1.722226],[43.25112,-1.721388],[43.249749,-1.721298],[43.248775,-1.7205],[43.247705,-1.719568],[43.247289,-1.717977],[43.247431,-1.71633],[43.247694,-1.714819],[43.247521,-1.713301],[43.247233,-1.712002],[43.247121,-1.710855],[43.247323,-1.709807],[43.24719,-1.709079],[43.247015,-1.708458],[43.246853,-1.707731],[43.246747,-1.706909],[43.246741,-1.706034],[43.246779,-1.705268],[43.246645,-1.704718],[43.246946,-1.704236],[43.2472,-1.703984],[43.247483,-1.704331],[43.247553,-1.704475],[43.24763,-1.704462],[43.247637,-1.704472],[43.247664,-1.704942],[43.247491,-1.705252],[43.247102,-1.705266],[43.246944,-1.705632],[43.246908,-1.705666],[43.246867,-1.705587],[43.246838,-1.705455],[43.246838,-1.705102],[43.247085,-1.705064],[43.247148,-1.705187],[43.247256,-1.705156],[43.247218,-1.705194],[43.247159,-1.705254],[43.246937,-1.705347],[43.246873,-1.705621],[43.246917,-1.705989],[43.246878,-1.706349],[43.2469,-1.706815],[43.246948,-1.7073],[43.247006,-1.707897],[43.247199,-1.708422],[43.247307,-1.70863],[43.247501,-1.709216],[43.247429,-1.709913],[43.247298,-1.71057],[43.247336,-1.711174],[43.247528,-1.711741],[43.247503,-1.712602],[43.247621,-1.713489],[43.247594,-1.714798],[43.247469,-1.715789],[43.247319,-1.716762],[43.247273,-1.717661],[43.247306,-1.718392],[43.247473,-1.719067],[43.247796,-1.719482],[43.248046,-1.719906],[43.248241,-1.720307],[43.248752,-1.720496],[43.249189,-1.720808],[43.249343,-1.720992],[43.249519,-1.721027],[43.249773,-1.720811],[43.250062,-1.720799],[43.250523,-1.721074],[43.25098,-1.721419],[43.251462,-1.72173],[43.251888,-1.72196],[43.252225,-1.722186],[43.252579,-1.722374],[43.252918,-1.722793],[43.253375,-1.72317],[43.253911,-1.723596],[43.254629,-1.723784],[43.255244,-1.72404],[43.255781,-1.724304],[43.256243,-1.724511],[43.256685,-1.72458],[43.257038,-1.724535],[43.257258,-1.72481],[43.257005,-1.725135],[43.256712,-1.725352],[43.256497,-1.725673],[43.256103,-1.725685],[43.255747,-1.725723],[43.25575,-1.726085],[43.255935,-1.726464],[43.256165,-1.726801],[43.256248,-1.727147],[43.256345,-1.727643],[43.256345,-1.727457],[43.256275,-1.727156],[43.256122,-1.726503],[43.256274,-1.726612],[43.256424,-1.727137],[43.256691,-1.727586],[43.257093,-1.727983],[43.257493,-1.72807],[43.257669,-1.728547],[43.257767,-1.729037],[43.257908,-1.729481],[43.258093,-1.729935],[43.258265,-1.730435],[43.258387,-1.7308],[43.258501,-1.731292],[43.258565,-1.731914],[43.258802,-1.73242],[43.258916,-1.732441],[43.258827,-1.732279],[43.25878,-1.731867],[43.258714,-1.73137],[43.258584,-1.730939],[43.258536,-1.730469],[43.258691,-1.730759],[43.25886,-1.731104],[43.259091,-1.731462],[43.259379,-1.731715],[43.259559,-1.731916],[43.259656,-1.732372],[43.259914,-1.732796],[43.260122,-1.733193],[43.260383,-1.733524],[43.260687,-1.733841],[43.260947,-1.734046],[43.261151,-1.734448],[43.261107,-1.734828],[43.260673,-1.735025],[43.260352,-1.735306],[43.259989,-1.735411],[43.260027,-1.735692],[43.260263,-1.735703],[43.260463,-1.736101],[43.26052,-1.736678],[43.260777,-1.737005],[43.261085,-1.737156],[43.261428,-1.73731],[43.26172,-1.737402],[43.262021,-1.737483],[43.262356,-1.737554],[43.26269,-1.73766],[43.263027,-1.737708],[43.263308,-1.737724],[43.263579,-1.737838],[43.26383,-1.737885],[43.264091,-1.738023],[43.264383,-1.73813],[43.264753,-1.738375],[43.264986,-1.738797],[43.264753,-1.739264],[43.264804,-1.739716],[43.264856,-1.740138],[43.265191,-1.740509],[43.265378,-1.740902],[43.265661,-1.741053],[43.265966,-1.740784],[43.26628,-1.740603],[43.266506,-1.740807],[43.266701,-1.74124],[43.266803,-1.741716],[43.266992,-1.742151],[43.267199,-1.742564],[43.267376,-1.74297],[43.267463,-1.743402],[43.267516,-1.743886],[43.267626,-1.744376],[43.26775,-1.744884],[43.267854,-1.745408],[43.268049,-1.74583],[43.268207,-1.746174],[43.268479,-1.746572],[43.268638,-1.747035],[43.26859,-1.747509],[43.268536,-1.747932],[43.268472,-1.748434],[43.268263,-1.748988],[43.268073,-1.749476],[43.268005,-1.749969],[43.268063,-1.750352],[43.268144,-1.749775],[43.268359,-1.749226],[43.268617,-1.748647],[43.268799,-1.747865],[43.269067,-1.747138],[43.269089,-1.747712],[43.268979,-1.748247],[43.268883,-1.748668],[43.268822,-1.749133],[43.268846,-1.7496],[43.268721,-1.750051],[43.268746,-1.75054],[43.268803,-1.751019],[43.269015,-1.751463],[43.269122,-1.75197],[43.269244,-1.752441],[43.269357,-1.752939],[43.269313,-1.753483],[43.26928,-1.75399],[43.26928,-1.754451],[43.269269,-1.754856],[43.269036,-1.755319],[43.268845,-1.755747],[43.268718,-1.756119],[43.268544,-1.756507],[43.268236,-1.756893],[43.26789,-1.757205],[43.267669,-1.757414],[43.267363,-1.757617],[43.267032,-1.757746],[43.266768,-1.757725],[43.266472,-1.757544],[43.266292,-1.757619],[43.265921,-1.757764],[43.265656,-1.757844],[43.265404,-1.758082],[43.265155,-1.758306],[43.264957,-1.758578],[43.264963,-1.758952],[43.265105,-1.759435],[43.265001,-1.759815],[43.265016,-1.759872],[43.265032,-1.759943],[43.265116,-1.759888],[43.264896,-1.759902],[43.264596,-1.760033],[43.264341,-1.760158],[43.264326,-1.760156],[43.26468,-1.75998],[43.264975,-1.759656],[43.26482,-1.758936],[43.264821,-1.758538],[43.264862,-1.758461],[43.264903,-1.758386],[43.265298,-1.757937],[43.26537,-1.758017],[43.265264,-1.758169],[43.265077,-1.758328],[43.264954,-1.758439],[43.26485,-1.758704],[43.264846,-1.758989],[43.264887,-1.759274],[43.264956,-1.759624],[43.265121,-1.759848],[43.26566,-1.75992],[43.266449,-1.75995],[43.267086,-1.761307],[43.266502,-1.762449],[43.266689,-1.761826],[43.266529,-1.760967],[43.265163,-1.76111],[43.263935,-1.761818],[43.26304,-1.762794],[43.26256,-1.763315],[43.262128,-1.763146],[43.26189,-1.763552],[43.261428,-1.764532],[43.261587,-1.763901],[43.262303,-1.764602],[43.26277,-1.764578],[43.263791,-1.76385],[43.264311,-1.763805],[43.264158,-1.766368],[43.264977,-1.768234],[43.265764,-1.76723],[43.266628,-1.766643],[43.266948,-1.767324],[43.267307,-1.767631],[43.268109,-1.768274],[43.269185,-1.770892],[43.269527,-1.772571],[43.27003,-1.772576],[43.270965,-1.771211],[43.272408,-1.770328],[43.272919,-1.76892],[43.273627,-1.767978],[43.273945,-1.768394],[43.274865,-1.768759],[43.275428,-1.769248],[43.276385,-1.77034],[43.27727,-1.77152],[43.277805,-1.772691],[43.277588,-1.774031],[43.276755,-1.774929],[43.276403,-1.775475],[43.276347,-1.775954],[43.276333,-1.776285],[43.275618,-1.776575],[43.275051,-1.77641],[43.274961,-1.775817],[43.274704,-1.775524],[43.274541,-1.775878],[43.274256,-1.776248],[43.273741,-1.776699],[43.273511,-1.777112],[43.273268,-1.778021],[43.27317,-1.778684],[43.272882,-1.779467],[43.272598,-1.780376],[43.27251,-1.780935],[43.272441,-1.781457],[43.272489,-1.781975],[43.272577,-1.782494],[43.27273,-1.78297],[43.272514,-1.783504],[43.272102,-1.784031],[43.27182,-1.784533],[43.271733,-1.784941],[43.271853,-1.785346],[43.27182,-1.785799],[43.27172,-1.786221],[43.271571,-1.786175],[43.271392,-1.785919],[43.271579,-1.785572],[43.27184,-1.785251],[43.272075,-1.785073],[43.272285,-1.784723],[43.272546,-1.7843],[43.272883,-1.783932],[43.272876,-1.783179],[43.272921,-1.782413],[43.273048,-1.781783],[43.273194,-1.781167],[43.273441,-1.780748],[43.273517,-1.781096],[43.273578,-1.781424],[43.273622,-1.781974],[43.273775,-1.782377],[43.273891,-1.782685],[43.274089,-1.783174],[43.274139,-1.78357],[43.273435,-1.784063],[43.273418,-1.784354],[43.273625,-1.784751],[43.273636,-1.785224],[43.273755,-1.785621],[43.273672,-1.786267],[43.273809,-1.786757],[43.27379,-1.787203],[43.273803,-1.787701],[43.273592,-1.788221],[43.272993,-1.788889],[43.273005,-1.789319],[43.272999,-1.789685],[43.272593,-1.790299],[43.272519,-1.790833],[43.272585,-1.791178],[43.272691,-1.791446],[43.272429,-1.791281],[43.272309,-1.791082],[43.272318,-1.790603],[43.272793,-1.789322],[43.273044,-1.788002],[43.273042,-1.785278],[43.273894,-1.784011],[43.273826,-1.783099],[43.27393,-1.783265],[43.274133,-1.783585],[43.273816,-1.783984],[43.273561,-1.784078],[43.273369,-1.78422],[43.273394,-1.784411],[43.273428,-1.784585],[43.273425,-1.784774],[43.273417,-1.785004],[43.273337,-1.785293],[43.273238,-1.78559],[43.273114,-1.785897],[43.273101,-1.786219],[43.273077,-1.786519],[43.27306,-1.786797],[43.273055,-1.787067],[43.273002,-1.78733],[43.273052,-1.787574],[43.273078,-1.787857],[43.273088,-1.788115],[43.273196,-1.788337],[43.273181,-1.788502],[43.273096,-1.788672],[43.272995,-1.788909],[43.27306,-1.789114],[43.27288,-1.789438],[43.272853,-1.789642],[43.272744,-1.789871],[43.272569,-1.790135],[43.272419,-1.790394],[43.272395,-1.790653],[43.272424,-1.790931],[43.272431,-1.791194],[43.272446,-1.791469],[43.272455,-1.791776],[43.272556,-1.79197],[43.272734,-1.792186],[43.272734,-1.792186],[43.272734,-1.792186],[43.272734,-1.792186],[43.272734,-1.792186],[43.272734,-1.792186],[43.272734,-1.792186],[43.272892,-1.796371],[43.272821,-1.797518],[43.272686,-1.799413],[43.273355,-1.800758],[43.273492,-1.802519],[43.273439,-1.804364],[43.27323,-1.806284],[43.273156,-1.807835],[43.27365,-1.809505],[43.273163,-1.808655],[43.271938,-1.808186],[43.271117,-1.807335],[43.271113,-1.806628],[43.270754,-1.808035],[43.271476,-1.809039],[43.272036,-1.809528],[43.272173,-1.811228],[43.271597,-1.812991],[43.271823,-1.814887],[43.272658,-1.816627],[43.273068,-1.81596],[43.273529,-1.815899],[43.273794,-1.817328],[43.274021,-1.818484],[43.274226,-1.819818],[43.274917,-1.821215],[43.275656,-1.821598],[43.275816,-1.820496],[43.276182,-1.820523],[43.277147,-1.820185],[43.277686,-1.819339],[43.278814,-1.819743],[43.27966,-1.819829],[43.280604,-1.820326],[43.281623,-1.820454],[43.282313,-1.82116],[43.282803,-1.822268],[43.283814,-1.822774],[43.28482,-1.823244],[43.285211,-1.824418],[43.285589,-1.826036],[43.285751,-1.827559],[43.285967,-1.829115],[43.286245,-1.830964],[43.286726,-1.832385],[43.286708,-1.833689],[43.286877,-1.834894],[43.287543,-1.835841],[43.288003,-1.836931],[43.288584,-1.838088],[43.28945,-1.838985],[43.2901,-1.840286],[43.290704,-1.841609],[43.29111,-1.843041],[43.291919,-1.844091],[43.292347,-1.844909],[43.292792,-1.84535],[43.293253,-1.845724],[43.293725,-1.845925],[43.294252,-1.845683],[43.294713,-1.846142],[43.294987,-1.847043],[43.295091,-1.847959],[43.295118,-1.848571],[43.29518,-1.84923],[43.295276,-1.849982],[43.295475,-1.850837],[43.296012,-1.851742],[43.296482,-1.852812],[43.29643,-1.853627],[43.296523,-1.854175],[43.296602,-1.854832],[43.296741,-1.855552],[43.296836,-1.856177],[43.296968,-1.856478],[43.297113,-1.856794],[43.297233,-1.857172],[43.297539,-1.857392],[43.297815,-1.857772],[43.298001,-1.858154],[43.298004,-1.858217],[43.298254,-1.858186],[43.298727,-1.858368],[43.299115,-1.858646],[43.299486,-1.85893],[43.299816,-1.859255],[43.300088,-1.859896],[43.30042,-1.86143],[43.300116,-1.863339],[43.300519,-1.865239],[43.301115,-1.866701],[43.302031,-1.867392],[43.303079,-1.868092],[43.303265,-1.869517],[43.302593,-1.870367],[43.302297,-1.871254],[43.302692,-1.872148],[43.303125,-1.873038],[43.303588,-1.874042],[43.304108,-1.875128],[43.304911,-1.876245],[43.305538,-1.877877],[43.306583,-1.879048],[43.307676,-1.880208],[43.308403,-1.881382],[43.30921,-1.882527],[43.309976,-1.883527],[43.310572,-1.884007],[43.310768,-1.885162],[43.310773,-1.886332],[43.310799,-1.887427],[43.310729,-1.888501],[43.310645,-1.889875],[43.310853,-1.891168],[43.311141,-1.892402],[43.311414,-1.893413],[43.311631,-1.894226]]', '41e1khc20eh1', '99r4osm75ys5', '8e0095f8b4e5f08a9602');

-- --------------------------------------------------------

--
-- Estructura de tabla para la tabla `races_services`
--

CREATE TABLE `races_services` (
  `id_race` varchar(20) NOT NULL,
  `id_service` varchar(20) NOT NULL
) ENGINE=InnoDB DEFAULT CHARSET=utf8mb4 COLLATE=utf8mb4_general_ci;

--
-- Volcado de datos para la tabla `races_services`
--

INSERT INTO `races_services` (`id_race`, `id_service`) VALUES
('1f27aec189ec19fb4b7f', '61c0bcg91ac2'),
('1f27aec189ec19fb4b7f', '64s5stg45yh4'),
('529fae71f05f9512c86c', '61c0bcg91ac2'),
('529fae71f05f9512c86c', '64s5stg45yh4'),
('7578dcc71cc3f9cf9df5', '55h1ngq99rc1'),
('fb2f29922115fe543f66', '55h1ngq99rc1');

-- --------------------------------------------------------

--
-- Estructura de tabla para la tabla `services`
--

CREATE TABLE `services` (
  `id` varchar(20) NOT NULL,
  `type` varchar(40) DEFAULT NULL
) ENGINE=InnoDB DEFAULT CHARSET=utf8mb4 COLLATE=utf8mb4_general_ci;

--
-- Volcado de datos para la tabla `services`
--

INSERT INTO `services` (`id`, `type`) VALUES
('12b6hah53jc9', 'Tiempos intermedios'),
('14n1hrj58qz8', 'Zonas ecologicas'),
('55h1ngq99rc1', 'Avituallamiento liquido'),
('61c0bcg91ac2', 'Parking'),
('64s5stg45yh4', 'Avituallamiento solido'),
('89p0gjq46ll5', 'Puestos de socorro');

-- --------------------------------------------------------

--
-- Estructura de tabla para la tabla `users`
--

CREATE TABLE `users` (
  `id` varchar(20) NOT NULL,
  `name` varchar(50) DEFAULT NULL,
  `username` varchar(30) DEFAULT NULL,
  `mail` varchar(100) DEFAULT NULL,
  `pass` varchar(255) DEFAULT NULL,
  `city` varchar(40) DEFAULT NULL,
  `photo` varchar(100) DEFAULT NULL
) ENGINE=InnoDB DEFAULT CHARSET=utf8mb4 COLLATE=utf8mb4_general_ci;

--
-- Volcado de datos para la tabla `users`
--

INSERT INTO `users` (`id`, `name`, `username`, `mail`, `pass`, `city`, `photo`) VALUES
('3075209b343f2d7bac91', 'David', 'david', 'david@mail.com', '$2y$10$/os5FE1OywfnyjfNQwRoBehKjJdTlTVtzlZsjwLzN.aQDNWfje0wW', 'Zamora', 'david.png'),
('8e0095f8b4e5f08a9602', 'Adrian Gutierrez Usoz', 'adriGuti', 'adriGuti@mail.com', '$2y$10$I8SwFKtBzb/ubHbR.f1YIe7vr7HA9tqw5ZXm1P8LZLaO4kteUwvj6', 'Cáceres', 'adriGuti.png'),
('c515e6717cde4b713a46', 'Juan', 'srecords16', 'srecords16@mail.com', '$2y$10$D7WrKSMhEYnuhvhTpP936OgZGGd7CWAKoPKzRxPWNXXb30x0MzER6', 'Guadalajara', 'srecords16.png');

--
-- Índices para tablas volcadas
--

--
-- Indices de la tabla `categories`
--
ALTER TABLE `categories`
  ADD PRIMARY KEY (`id`);

--
-- Indices de la tabla `favourites`
--
ALTER TABLE `favourites`
  ADD PRIMARY KEY (`id_user`,`id_race`),
  ADD KEY `id_race` (`id_race`);

--
-- Indices de la tabla `modalities`
--
ALTER TABLE `modalities`
  ADD PRIMARY KEY (`id`);

--
-- Indices de la tabla `older_clasifications`
--
ALTER TABLE `older_clasifications`
  ADD PRIMARY KEY (`id`),
  ADD KEY `id_race` (`id_race`);

--
-- Indices de la tabla `older_photos`
--
ALTER TABLE `older_photos`
  ADD PRIMARY KEY (`id`),
  ADD KEY `id_race` (`id_race`);

--
-- Indices de la tabla `organizers`
--
ALTER TABLE `organizers`
  ADD PRIMARY KEY (`id_user`);

--
-- Indices de la tabla `races`
--
ALTER TABLE `races`
  ADD PRIMARY KEY (`id`),
  ADD KEY `id_category` (`id_category`),
  ADD KEY `id_modality` (`id_modality`),
  ADD KEY `id_organizer` (`id_organizer`);

--
-- Indices de la tabla `races_services`
--
ALTER TABLE `races_services`
  ADD PRIMARY KEY (`id_race`,`id_service`),
  ADD KEY `id_service` (`id_service`);

--
-- Indices de la tabla `services`
--
ALTER TABLE `services`
  ADD PRIMARY KEY (`id`);

--
-- Indices de la tabla `users`
--
ALTER TABLE `users`
  ADD PRIMARY KEY (`id`),
  ADD UNIQUE KEY `username` (`username`),
  ADD UNIQUE KEY `mail` (`mail`),
  ADD UNIQUE KEY `pass` (`pass`);

--
-- Restricciones para tablas volcadas
--

--
-- Filtros para la tabla `favourites`
--
ALTER TABLE `favourites`
  ADD CONSTRAINT `favourites_ibfk_1` FOREIGN KEY (`id_user`) REFERENCES `users` (`id`),
  ADD CONSTRAINT `favourites_ibfk_2` FOREIGN KEY (`id_race`) REFERENCES `races` (`id`);

--
-- Filtros para la tabla `older_clasifications`
--
ALTER TABLE `older_clasifications`
  ADD CONSTRAINT `older_clasifications_ibfk_1` FOREIGN KEY (`id_race`) REFERENCES `races` (`id`);

--
-- Filtros para la tabla `older_photos`
--
ALTER TABLE `older_photos`
  ADD CONSTRAINT `older_photos_ibfk_1` FOREIGN KEY (`id_race`) REFERENCES `races` (`id`);

--
-- Filtros para la tabla `organizers`
--
ALTER TABLE `organizers`
  ADD CONSTRAINT `organizers_ibfk_1` FOREIGN KEY (`id_user`) REFERENCES `users` (`id`);

--
-- Filtros para la tabla `races`
--
ALTER TABLE `races`
  ADD CONSTRAINT `races_ibfk_1` FOREIGN KEY (`id_category`) REFERENCES `categories` (`id`),
  ADD CONSTRAINT `races_ibfk_2` FOREIGN KEY (`id_modality`) REFERENCES `modalities` (`id`),
  ADD CONSTRAINT `races_ibfk_3` FOREIGN KEY (`id_organizer`) REFERENCES `organizers` (`id_user`);

--
-- Filtros para la tabla `races_services`
--
ALTER TABLE `races_services`
  ADD CONSTRAINT `races_services_ibfk_1` FOREIGN KEY (`id_race`) REFERENCES `races` (`id`),
  ADD CONSTRAINT `races_services_ibfk_2` FOREIGN KEY (`id_service`) REFERENCES `services` (`id`);
COMMIT;

/*!40101 SET CHARACTER_SET_CLIENT=@OLD_CHARACTER_SET_CLIENT */;
/*!40101 SET CHARACTER_SET_RESULTS=@OLD_CHARACTER_SET_RESULTS */;
/*!40101 SET COLLATION_CONNECTION=@OLD_COLLATION_CONNECTION */;
