-- phpMyAdmin SQL Dump
-- version 5.2.1
-- https://www.phpmyadmin.net/
--
-- Servidor: 127.0.0.1
-- Tiempo de generación: 04-02-2024 a las 14:01:58
-- Versión del servidor: 10.4.28-MariaDB
-- Versión de PHP: 8.2.4

SET SQL_MODE = "NO_AUTO_VALUE_ON_ZERO";
START TRANSACTION;
SET time_zone = "+00:00";


/*!40101 SET @OLD_CHARACTER_SET_CLIENT=@@CHARACTER_SET_CLIENT */;
/*!40101 SET @OLD_CHARACTER_SET_RESULTS=@@CHARACTER_SET_RESULTS */;
/*!40101 SET @OLD_COLLATION_CONNECTION=@@COLLATION_CONNECTION */;
/*!40101 SET NAMES utf8mb4 */;

--
-- Base de datos: `proyecto_integrador`
--

-- --------------------------------------------------------

--
-- Estructura de tabla para la tabla `categories`
--

CREATE TABLE `categories` (
  `id` varchar(20) NOT NULL,
  `type` varchar(40) DEFAULT NULL,
  `ages` varchar(6) DEFAULT NULL
) ENGINE=InnoDB DEFAULT CHARSET=utf8mb4 COLLATE=utf8mb4_general_ci;

--
-- Volcado de datos para la tabla `categories`
--

INSERT INTO `categories` (`id`, `type`, `ages`) VALUES
('02f8wll37kw4', 'Cadete Masculino', '15-17'),
('04g4fhb62fn9', 'Cadete Femenino', '15-17'),
('20g9ofq49jj1', 'Junior Masculino', '18-20'),
('20s0tqp46hc5', 'Junior Femenino', '18-20'),
('24q4jjp22ue1', 'Senior Masculino', '21'),
('41e1khc20eh1', 'Senior Femenino', '21'),
('62r1uem02dl2', 'Promesa Masculino', '21-39'),
('63b1rvo95yo8', 'Promesa Femenino', '21-39'),
('75g8gux37hj6', 'Veterana A Masculino', '40-51'),
('76d0jcz21ba6', 'Veterana A Femenino', '40-51'),
('84c4uht30ds9', 'Veterana B Masculino', '>51'),
('88f6jqs30yu7', 'Veterana B Femenino', '>51');

-- --------------------------------------------------------

--
-- Estructura de tabla para la tabla `favourites`
--

CREATE TABLE `favourites` (
  `id_user` varchar(20) NOT NULL,
  `id_race` varchar(20) NOT NULL
) ENGINE=InnoDB DEFAULT CHARSET=utf8mb4 COLLATE=utf8mb4_general_ci;

--
-- Volcado de datos para la tabla `favourites`
--

INSERT INTO `favourites` (`id_user`, `id_race`) VALUES
('68a7573d413676f09bf1', '3a50f54de468fbf6cff5'),
('68a7573d413676f09bf1', '3bef3523e01ccc811f76');

-- --------------------------------------------------------

--
-- Estructura de tabla para la tabla `modalities`
--

CREATE TABLE `modalities` (
  `id` varchar(20) NOT NULL,
  `type` varchar(40) DEFAULT NULL,
  `first_prize` float DEFAULT NULL,
  `second_prize` float DEFAULT NULL,
  `third_prize` float DEFAULT NULL
) ENGINE=InnoDB DEFAULT CHARSET=utf8mb4 COLLATE=utf8mb4_general_ci;

--
-- Volcado de datos para la tabla `modalities`
--

INSERT INTO `modalities` (`id`, `type`, `first_prize`, `second_prize`, `third_prize`) VALUES
('00p9ajk35ew0', 'Maraton', 291.77, 152, 142.55),
('01j5gic48lj6', 'Cross Country', 298, 163.62, 132.19),
('43o0aja32wa6', 'Trail Running', 291.98, 243.82, 96.03),
('99r4osm75ys5', 'Ultra Maraton', 262.42, 166.19, 135.83);

-- --------------------------------------------------------

--
-- Estructura de tabla para la tabla `older_clasifications`
--

CREATE TABLE `older_clasifications` (
  `id` varchar(20) NOT NULL,
  `winner` varchar(40) DEFAULT NULL,
  `second_place` varchar(40) DEFAULT NULL,
  `third_place` varchar(40) DEFAULT NULL,
  `year_race` year(4) DEFAULT NULL,
  `time_race` time NOT NULL,
  `id_race` varchar(20) DEFAULT NULL
) ENGINE=InnoDB DEFAULT CHARSET=utf8mb4 COLLATE=utf8mb4_general_ci;

--
-- Volcado de datos para la tabla `older_clasifications`
--

INSERT INTO `older_clasifications` (`id`, `winner`, `second_place`, `third_place`, `year_race`, `time_race`, `id_race`) VALUES
('0', NULL, NULL, NULL, NULL, '00:00:00', NULL),
('315af475892841e002d0', 'a', 'D', 'H', '2023', '10:10:10', 'bad96e6b499f87ae0b8a'),
('d48bde2963a3c73516f7', 'Adrian', 'Juan', 'David', '2023', '10:09:12', '3a50f54de468fbf6cff5'),
('e5390b0fce486c0021f0', 'Tu', 'El', 'Aquel', '2021', '02:10:32', '3a50f54de468fbf6cff5'),
('fe0015e699d8140e9a40', 'Paco', 'Paca', 'Paquito', '2023', '11:09:12', '3a50f54de468fbf6cff5');

-- --------------------------------------------------------

--
-- Estructura de tabla para la tabla `older_photos`
--

CREATE TABLE `older_photos` (
  `id` varchar(20) NOT NULL,
  `url` varchar(500) DEFAULT NULL,
  `id_race` varchar(20) DEFAULT NULL
) ENGINE=InnoDB DEFAULT CHARSET=utf8mb4 COLLATE=utf8mb4_general_ci;

--
-- Volcado de datos para la tabla `older_photos`
--

INSERT INTO `older_photos` (`id`, `url`, `id_race`) VALUES
('14e1bd2eaa9c9f16c1b9', 'coor1.png', 'bad96e6b499f87ae0b8a'),
('2232bc1c37238d944ab3', 'prueba 13.png', '3a50f54de468fbf6cff5'),
('2d0ef19ae4c42614be01', 'prueba 21.png', '3bef3523e01ccc811f76'),
('378a296ab04f5030d1bf', 'prueba 11.png', '3a50f54de468fbf6cff5'),
('775242637ac4dd75fc72', 'prueba 12.png', '3a50f54de468fbf6cff5'),
('86d7c61d6777274368b6', 'prueba 20.png', '3bef3523e01ccc811f76'),
('b22e5fa73cb3aa78bf16', 'coor2.png', 'bad96e6b499f87ae0b8a'),
('d6d1a3cf2fdafeeb08ff', 'coor0.png', 'bad96e6b499f87ae0b8a'),
('f77209cf7b86c2eeee9d', 'prueba 10.png', '3a50f54de468fbf6cff5');

-- --------------------------------------------------------

--
-- Estructura de tabla para la tabla `organizers`
--

CREATE TABLE `organizers` (
  `id_user` varchar(20) NOT NULL,
  `phone` int(9) DEFAULT NULL,
  `club` varchar(100) DEFAULT NULL
) ENGINE=InnoDB DEFAULT CHARSET=utf8mb4 COLLATE=utf8mb4_general_ci;

--
-- Volcado de datos para la tabla `organizers`
--

INSERT INTO `organizers` (`id_user`, `phone`, `club`) VALUES
('03u7cup02ed1', 332041984, 'Yakitri'),
('11r4evu52mf4', 506612992, 'Quinu'),
('20a6zua96se1', 421779008, 'Skidoo'),
('33c8ozw26lm4', 319016992, 'Twitterlist'),
('41g0ayn92yv8', 280329984, 'Livetube'),
('46u2bmo31ae9', 27814400, 'Blognation'),
('52v2uph05kw9', 391937984, 'Eare'),
('64r6qgh43bv4', 459286016, 'Trudeo'),
('68a7573d413676f09bf1', 184293002, 'IES San Andres'),
('78m3mda58mq5', 593564992, 'Livefish'),
('98q3igw21je1', 574537024, 'Aimbo'),
('ae7ee01987ccfa1e1f1c', 123321000, 'Nignuna'),
('bec17643d6ebc256cec0', 987544000, 'Nose');

-- --------------------------------------------------------

--
-- Estructura de tabla para la tabla `races`
--

CREATE TABLE `races` (
  `id` varchar(20) NOT NULL,
  `name` varchar(60) DEFAULT NULL,
  `race_day` date DEFAULT NULL,
  `positive_slope` float DEFAULT NULL,
  `negative_slope` float DEFAULT NULL,
  `total_slope` float DEFAULT NULL,
  `distance` float DEFAULT NULL,
  `poblation` varchar(50) DEFAULT NULL,
  `main_photo` varchar(100) DEFAULT NULL,
  `regulation` varchar(100) NOT NULL,
  `webRef` varchar(50) NOT NULL,
  `coor` longtext NOT NULL,
  `id_category` varchar(20) DEFAULT NULL,
  `id_modality` varchar(20) DEFAULT NULL
) ENGINE=InnoDB DEFAULT CHARSET=utf8mb4 COLLATE=utf8mb4_general_ci;

--
-- Volcado de datos para la tabla `races`
--

INSERT INTO `races` (`id`, `name`, `race_day`, `positive_slope`, `negative_slope`, `total_slope`, `distance`, `poblation`, `main_photo`, `regulation`, `webRef`, `coor`, `id_category`, `id_modality`) VALUES
('3a50f54de468fbf6cff5', 'Prueba 1', '2024-02-10', 1506.7, 1506.3, 3013, 120, 'Madrid', 'prueba 1.png', 'prueba 1.pdf', 'www.strava.com', '[[42.804963,-5.631211],[42.804614,-5.630733],[42.804378,-5.630328],[42.804071,-5.629886],[42.803664,-5.629607],[42.8034,-5.628979],[42.802955,-5.629003],[42.802377,-5.629148],[42.801774,-5.629266],[42.801122,-5.629158],[42.799658,-5.628789],[42.798845,-5.628666],[42.798372,-5.628432],[42.798875,-5.627954],[42.799451,-5.627737],[42.799992,-5.627476],[42.80046,-5.626781],[42.800666,-5.625758],[42.800534,-5.624659],[42.800425,-5.623447],[42.800566,-5.622415],[42.800838,-5.621429],[42.801048,-5.62041],[42.80117,-5.619373],[42.801103,-5.618357],[42.8014,-5.617384],[42.801509,-5.616365],[42.801643,-5.61524],[42.801775,-5.614111],[42.801889,-5.613106],[42.801997,-5.612121],[42.802122,-5.611058],[42.802245,-5.609979],[42.802359,-5.609004],[42.802473,-5.608019],[42.802585,-5.607047],[42.802698,-5.606092],[42.802812,-5.605081],[42.802875,-5.604161],[42.802869,-5.603298],[42.802866,-5.602392],[42.802862,-5.601501],[42.802939,-5.600542],[42.803111,-5.599658],[42.803292,-5.598784],[42.80347,-5.597911],[42.80363,-5.597058],[42.803821,-5.596136],[42.804041,-5.595096],[42.804239,-5.594153],[42.804413,-5.593297],[42.804575,-5.592501],[42.804748,-5.591665],[42.804946,-5.590672],[42.805166,-5.5896],[42.805354,-5.588682],[42.805514,-5.587858],[42.805716,-5.586961],[42.805988,-5.586004],[42.806156,-5.585051],[42.806272,-5.584099],[42.806467,-5.583223],[42.80673,-5.582466],[42.807014,-5.581711],[42.807306,-5.58093],[42.807608,-5.580118],[42.807919,-5.579296],[42.808281,-5.578364],[42.808662,-5.577356],[42.809106,-5.576331],[42.809629,-5.575139],[42.809767,-5.573736],[42.809527,-5.572617],[42.809137,-5.571731],[42.808922,-5.570778],[42.808932,-5.569815],[42.809142,-5.568914],[42.809444,-5.56797],[42.809764,-5.56695],[42.810152,-5.565882],[42.810812,-5.564786],[42.811435,-5.563824],[42.812053,-5.562884],[42.812761,-5.561979],[42.813758,-5.561358],[42.814891,-5.560796],[42.815854,-5.560317],[42.816563,-5.559932],[42.817209,-5.559133],[42.818053,-5.558038],[42.818822,-5.557039],[42.819573,-5.55607],[42.820313,-5.555104],[42.821047,-5.554151],[42.821794,-5.553184],[42.8226,-5.552143],[42.823403,-5.5511],[42.824145,-5.550134],[42.824871,-5.549191],[42.825699,-5.54812],[42.82642,-5.546866],[42.826802,-5.545334],[42.8275,-5.543989],[42.828141,-5.542781],[42.828756,-5.541605],[42.82895,-5.540173],[42.829163,-5.538469],[42.829686,-5.53698],[42.830271,-5.535292],[42.83081,-5.533683],[42.831361,-5.532045],[42.831926,-5.530374],[42.832527,-5.528595],[42.833091,-5.526923],[42.833601,-5.525418],[42.834216,-5.523746],[42.834957,-5.52179],[42.835585,-5.519887],[42.836055,-5.518285],[42.836482,-5.516865],[42.836904,-5.515557],[42.837326,-5.514302],[42.837728,-5.513103],[42.838027,-5.512036],[42.838347,-5.512695],[42.838878,-5.51392],[42.839383,-5.515147],[42.839683,-5.516434],[42.839894,-5.517754],[42.840281,-5.518821],[42.840952,-5.519591],[42.841615,-5.520316],[42.842347,-5.520733],[42.843173,-5.521173],[42.843936,-5.521511],[42.844744,-5.521815],[42.845665,-5.522179],[42.846383,-5.522456],[42.847172,-5.522764],[42.847999,-5.523033],[42.848812,-5.523184],[42.849614,-5.523342],[42.850475,-5.523499],[42.8513,-5.523648],[42.85211,-5.5237],[42.852767,-5.523225],[42.853491,-5.522574],[42.854136,-5.521933],[42.854857,-5.521392],[42.855478,-5.520708],[42.855853,-5.519743],[42.856523,-5.51916],[42.857268,-5.519042],[42.858163,-5.51899],[42.858989,-5.519031],[42.859843,-5.518976],[42.860644,-5.518889],[42.861405,-5.518899],[42.862204,-5.518795],[42.863023,-5.518912],[42.863788,-5.519225],[42.864393,-5.519947],[42.864963,-5.520692],[42.86567,-5.520998],[42.866357,-5.521237],[42.867031,-5.521489],[42.867721,-5.521911],[42.868354,-5.52194],[42.86896,-5.522096],[42.869578,-5.52235],[42.870526,-5.522701],[42.871308,-5.522988],[42.872161,-5.523291],[42.872997,-5.523788],[42.873736,-5.52441],[42.874561,-5.525087],[42.87549,-5.525312],[42.876272,-5.525329],[42.877027,-5.525342],[42.877823,-5.525389],[42.878485,-5.525436],[42.8791,-5.525492],[42.879713,-5.525584],[42.880251,-5.525796],[42.880839,-5.526046],[42.881451,-5.526409],[42.881799,-5.527416],[42.881751,-5.528687],[42.881354,-5.529998],[42.881859,-5.531252],[42.882378,-5.532138],[42.883054,-5.533118],[42.883709,-5.533933],[42.884309,-5.534452],[42.88463,-5.534766],[42.884916,-5.535403],[42.885455,-5.536303],[42.885598,-5.537273],[42.885805,-5.538257],[42.885955,-5.539252],[42.886178,-5.540189],[42.886422,-5.540968],[42.886326,-5.541807],[42.886166,-5.542646],[42.886114,-5.54347],[42.886072,-5.544327],[42.885954,-5.545232],[42.885821,-5.546058],[42.885705,-5.546822],[42.885642,-5.547478],[42.885538,-5.548147],[42.885477,-5.548817],[42.885273,-5.549482],[42.885005,-5.550251],[42.884952,-5.551078],[42.884495,-5.552126],[42.884088,-5.553074],[42.883812,-5.554016],[42.883649,-5.555056],[42.883487,-5.555976],[42.883714,-5.556551],[42.8839,-5.5571],[42.88419,-5.557389],[42.884661,-5.557778],[42.885333,-5.558336],[42.885982,-5.558635],[42.885906,-5.557935],[42.885767,-5.557335],[42.885771,-5.556922],[42.885982,-5.55742],[42.886181,-5.557866],[42.886401,-5.558273],[42.88666,-5.558544],[42.886892,-5.558853],[42.886835,-5.559352],[42.88676,-5.559831],[42.886852,-5.560328],[42.88695,-5.56078],[42.887055,-5.561305],[42.886994,-5.562023],[42.887078,-5.562507],[42.887081,-5.563124],[42.887164,-5.563654],[42.887287,-5.564079],[42.887485,-5.564297],[42.887748,-5.564445],[42.887991,-5.564607],[42.888251,-5.564751],[42.888445,-5.564965],[42.888346,-5.565568],[42.8883,-5.566132],[42.88842,-5.566732],[42.888499,-5.567621],[42.88873,-5.56859],[42.889125,-5.56905],[42.889448,-5.569241],[42.889684,-5.569593],[42.889683,-5.570298],[42.889545,-5.570695],[42.889562,-5.571047],[42.889582,-5.571382],[42.889636,-5.571791],[42.889839,-5.572216],[42.889913,-5.572861],[42.889786,-5.573479],[42.889528,-5.574048],[42.889272,-5.574618],[42.889497,-5.575191],[42.889684,-5.575815],[42.889812,-5.576344],[42.889872,-5.576905],[42.889901,-5.577508],[42.889953,-5.578098],[42.890094,-5.578577],[42.890216,-5.579029],[42.89041,-5.57958],[42.89054,-5.58044],[42.890532,-5.581055],[42.890325,-5.581681],[42.890089,-5.582002],[42.88981,-5.582386],[42.889781,-5.583014],[42.889825,-5.583447],[42.889907,-5.583912],[42.889985,-5.584293],[42.890057,-5.584691],[42.890087,-5.58521],[42.889963,-5.585721],[42.889862,-5.586211],[42.889708,-5.586822],[42.889555,-5.587433],[42.889157,-5.587789],[42.889103,-5.588347],[42.889095,-5.588912],[42.888895,-5.589444],[42.888552,-5.590019],[42.888426,-5.591029],[42.888526,-5.592157],[42.889087,-5.593817],[42.88931,-5.59533],[42.889982,-5.596405],[42.891041,-5.59815],[42.892267,-5.5989],[42.891542,-5.599637],[42.890722,-5.60016],[42.889695,-5.600719],[42.88907,-5.601745],[42.888862,-5.603261],[42.888897,-5.604481],[42.888849,-5.605419],[42.8889,-5.606256],[42.889166,-5.606749],[42.889457,-5.607454],[42.889414,-5.608449],[42.889557,-5.60934],[42.889739,-5.610192],[42.889903,-5.610861],[42.890203,-5.611334],[42.890482,-5.611828],[42.89054,-5.6125],[42.890387,-5.613226],[42.890198,-5.614048],[42.889881,-5.614727],[42.88975,-5.615526],[42.889649,-5.616457],[42.890371,-5.617608],[42.891765,-5.619323],[42.893061,-5.621491],[42.895015,-5.622919],[42.896918,-5.622357],[42.898021,-5.621617],[42.89711,-5.623667],[42.895755,-5.624951],[42.89387,-5.625982],[42.892749,-5.628017],[42.892147,-5.631007],[42.892544,-5.633913],[42.892956,-5.636743],[42.892561,-5.638039],[42.892745,-5.63944],[42.892341,-5.640308],[42.892298,-5.640383],[42.891858,-5.64021],[42.891137,-5.640008],[42.890225,-5.639969],[42.88974,-5.640307],[42.888901,-5.640314],[42.887809,-5.64028],[42.886691,-5.640229],[42.885726,-5.639916],[42.884789,-5.63921],[42.883891,-5.638385],[42.882809,-5.637648],[42.881535,-5.637484],[42.880498,-5.637907],[42.879879,-5.639119],[42.879226,-5.640642],[42.878136,-5.641095],[42.877232,-5.640879],[42.876358,-5.640631],[42.875508,-5.640524],[42.874591,-5.640709],[42.873595,-5.640935],[42.872594,-5.641532],[42.872445,-5.641675],[42.872445,-5.641675],[42.869939,-5.6451],[42.869736,-5.647126],[42.869346,-5.649447],[42.869307,-5.651826],[42.869384,-5.653993],[42.869414,-5.656012],[42.869383,-5.657963],[42.869312,-5.659763],[42.869223,-5.661494],[42.869048,-5.663319],[42.868941,-5.66524],[42.868897,-5.667187],[42.868365,-5.668967],[42.867379,-5.670292],[42.866153,-5.670836],[42.866045,-5.670856],[42.863546,-5.671791],[42.862491,-5.672654],[42.861825,-5.674075],[42.86199,-5.675694],[42.862724,-5.6771],[42.862911,-5.678711],[42.863555,-5.679806],[42.863986,-5.680313],[42.863898,-5.680317],[42.863924,-5.680336],[42.864048,-5.680398],[42.864761,-5.680811],[42.865565,-5.681266],[42.866457,-5.681577],[42.867458,-5.68154],[42.868409,-5.681716],[42.869094,-5.682531],[42.869494,-5.683384],[42.869536,-5.684169],[42.869442,-5.684922],[42.869779,-5.685681],[42.87036,-5.686483],[42.870422,-5.687642],[42.870522,-5.688817],[42.870738,-5.690069],[42.87095,-5.691344],[42.871158,-5.692627],[42.871405,-5.693925],[42.871648,-5.695193],[42.871771,-5.696571],[42.871859,-5.697789],[42.871921,-5.698591],[42.871991,-5.699537],[42.872132,-5.700582],[42.872555,-5.701547],[42.873042,-5.702803],[42.873085,-5.704317],[42.873278,-5.705742],[42.873488,-5.70711],[42.873566,-5.708465],[42.87355,-5.709812],[42.873429,-5.711112],[42.873685,-5.712319],[42.874071,-5.713535],[42.874505,-5.714661],[42.874705,-5.715754],[42.874625,-5.717034],[42.874599,-5.718335],[42.874593,-5.719577],[42.875008,-5.720636],[42.875471,-5.721731],[42.875819,-5.722901],[42.876147,-5.724015],[42.876523,-5.725109],[42.877027,-5.726177],[42.877569,-5.727161],[42.878062,-5.728165],[42.878527,-5.729198],[42.878913,-5.730318],[42.879043,-5.73165],[42.879046,-5.732914],[42.879191,-5.734056],[42.879569,-5.735047],[42.88047,-5.735562],[42.88088,-5.736684],[42.881222,-5.73788],[42.881472,-5.739194],[42.881467,-5.740446],[42.881929,-5.741563],[42.881892,-5.742733],[42.881327,-5.743718],[42.881241,-5.744884],[42.88143,-5.746123],[42.881816,-5.747327],[42.881899,-5.748465],[42.881979,-5.749652],[42.882271,-5.75077],[42.882616,-5.752019],[42.883162,-5.753207],[42.883542,-5.754483],[42.883791,-5.755576],[42.88421,-5.756855],[42.884827,-5.757808],[42.885556,-5.758812],[42.885974,-5.759846],[42.885976,-5.761139],[42.886137,-5.76242],[42.887007,-5.76223],[42.887858,-5.76201],[42.888674,-5.762407],[42.889259,-5.763081],[42.889791,-5.763776],[42.89036,-5.764403],[42.891234,-5.764545],[42.892069,-5.76468],[42.892909,-5.764918],[42.893622,-5.765307],[42.89385,-5.7662],[42.89414,-5.767298],[42.893934,-5.768128],[42.893948,-5.768677],[42.894003,-5.769124],[42.894178,-5.769417],[42.89433,-5.769724],[42.894461,-5.770054],[42.894688,-5.77028],[42.894947,-5.770422],[42.895207,-5.770551],[42.895437,-5.770771],[42.895496,-5.771135],[42.895509,-5.771536],[42.895419,-5.771899],[42.895277,-5.772241],[42.895068,-5.772537],[42.894758,-5.772818],[42.894591,-5.773348],[42.894437,-5.773849],[42.894172,-5.774223],[42.893903,-5.774558],[42.893666,-5.774938],[42.893563,-5.775419],[42.893502,-5.775924],[42.893453,-5.776329],[42.893428,-5.776663],[42.893402,-5.777021],[42.893365,-5.777409],[42.893315,-5.77781],[42.893248,-5.778355],[42.893208,-5.778789],[42.893218,-5.779236],[42.893217,-5.779717],[42.893232,-5.780173],[42.893251,-5.780635],[42.893233,-5.781093],[42.893215,-5.781136],[42.893333,-5.781579],[42.893398,-5.782126],[42.893488,-5.782637],[42.893581,-5.783007],[42.893661,-5.783517],[42.893668,-5.784043],[42.893835,-5.784301],[42.893838,-5.783859],[42.893819,-5.783245],[42.89382,-5.782439],[42.893821,-5.781536],[42.89394,-5.780705],[42.894087,-5.780062],[42.89424,-5.779519],[42.894408,-5.778992],[42.894622,-5.778549],[42.894863,-5.778148],[42.895107,-5.77771],[42.895343,-5.777291],[42.895568,-5.776901],[42.89579,-5.776513],[42.896035,-5.77614],[42.896312,-5.775841],[42.896601,-5.775754],[42.896904,-5.775894],[42.897195,-5.7761],[42.897445,-5.776413],[42.897655,-5.776821],[42.89784,-5.777236],[42.898041,-5.777657],[42.898219,-5.778052],[42.898363,-5.778475],[42.898569,-5.778843],[42.898901,-5.779221],[42.899237,-5.779231],[42.899567,-5.779151],[42.899566,-5.779545],[42.899285,-5.779788],[42.898936,-5.779833],[42.898621,-5.779854],[42.898343,-5.779634],[42.898053,-5.779283],[42.897795,-5.779027],[42.897531,-5.778849],[42.897248,-5.778596],[42.896985,-5.778373],[42.896869,-5.778546],[42.897071,-5.778814],[42.897354,-5.779187],[42.89768,-5.779636],[42.897986,-5.780125],[42.898313,-5.780489],[42.898659,-5.780716],[42.898924,-5.780896],[42.899145,-5.781058],[42.899387,-5.781199],[42.899581,-5.781371],[42.899863,-5.781464],[42.900178,-5.781388],[42.900553,-5.781399],[42.900905,-5.781505],[42.901234,-5.781597],[42.901572,-5.781699],[42.901926,-5.781801],[42.902225,-5.781922],[42.902472,-5.782121],[42.902646,-5.782438],[42.902801,-5.782855],[42.902935,-5.783275],[42.903069,-5.783726],[42.903112,-5.784188],[42.903134,-5.784602],[42.903106,-5.785035],[42.903019,-5.785467],[42.902847,-5.785835],[42.902696,-5.786157],[42.902589,-5.78656],[42.902535,-5.786993],[42.902529,-5.78746],[42.902536,-5.787923],[42.902572,-5.788418],[42.902617,-5.788925],[42.902623,-5.789365],[42.902585,-5.789803],[42.902573,-5.790245],[42.902528,-5.790712],[42.902495,-5.791183],[42.90244,-5.791616],[42.902362,-5.792051],[42.902288,-5.792526],[42.902256,-5.793032],[42.902212,-5.793523],[42.902157,-5.793995],[42.90206,-5.794431],[42.901957,-5.794869],[42.90189,-5.795342],[42.901836,-5.795816],[42.901752,-5.796274],[42.901628,-5.796703],[42.901527,-5.797122],[42.901406,-5.797558],[42.901312,-5.797998],[42.901271,-5.79845],[42.901328,-5.798917],[42.901424,-5.799387],[42.901496,-5.799822],[42.901541,-5.800259],[42.901534,-5.800712],[42.901614,-5.801229],[42.901743,-5.801706],[42.901842,-5.802109],[42.901956,-5.802559],[42.902041,-5.803069],[42.902286,-5.803289],[42.902594,-5.803413],[42.902807,-5.803709],[42.9032,-5.803643],[42.903688,-5.803763],[42.904025,-5.804554],[42.904093,-5.804781],[42.904154,-5.804923],[42.904111,-5.804791],[42.904051,-5.804812],[42.904017,-5.805242],[42.903949,-5.806241],[42.903776,-5.807904],[42.902916,-5.809717],[42.90227,-5.811585],[42.902908,-5.810972],[42.9041,-5.810292],[42.904339,-5.812293],[42.904604,-5.814537],[42.905315,-5.81618],[42.904529,-5.817876],[42.904839,-5.820184],[42.905904,-5.821462],[42.906121,-5.823212],[42.906965,-5.825024],[42.908649,-5.825092],[42.90861,-5.825402],[42.90726,-5.825644],[42.905864,-5.825184],[42.906564,-5.825619],[42.90794,-5.826272],[42.908596,-5.826839],[42.907168,-5.827249],[42.905719,-5.828189],[42.90491,-5.830058],[42.904531,-5.832304],[42.903905,-5.834352],[42.90406,-5.836489],[42.90364,-5.837751],[42.903454,-5.83984],[42.903759,-5.841717],[42.903684,-5.84377],[42.903113,-5.845783],[42.902939,-5.847859],[42.903106,-5.850123],[42.903006,-5.852367],[42.902153,-5.85426],[42.901745,-5.856447],[42.901545,-5.858616],[42.90156,-5.860726],[42.901436,-5.862955],[42.901228,-5.865011],[42.900705,-5.867031],[42.900151,-5.86899],[42.899672,-5.870725],[42.898896,-5.871589],[42.897941,-5.871348],[42.896901,-5.871813],[42.895983,-5.872182],[42.895373,-5.872963],[42.89467,-5.873198],[42.894233,-5.874106],[42.89399,-5.875121],[42.89374,-5.875928],[42.894008,-5.877157],[42.893795,-5.878762],[42.893407,-5.880232],[42.893025,-5.881219],[42.892647,-5.881747],[42.892001,-5.881769],[42.891305,-5.881989],[42.890503,-5.881972],[42.889673,-5.881778],[42.88884,-5.881695],[42.888037,-5.881338],[42.887788,-5.879929],[42.887819,-5.878291],[42.88776,-5.876516],[42.88818,-5.874974],[42.887649,-5.873674],[42.886956,-5.872559],[42.886441,-5.871347],[42.88653,-5.869839],[42.88658,-5.868222],[42.885652,-5.867614],[42.884897,-5.867831],[42.884536,-5.866711],[42.884182,-5.865218],[42.883617,-5.863735],[42.882407,-5.863279],[42.881561,-5.863398],[42.881437,-5.864279],[42.8814,-5.864986],[42.881336,-5.865636],[42.881215,-5.866247],[42.881067,-5.866837],[42.880877,-5.867363],[42.880672,-5.867886],[42.880413,-5.868343],[42.879953,-5.868427],[42.87957,-5.867911],[42.879099,-5.866964],[42.878479,-5.865533],[42.877415,-5.865652],[42.876315,-5.867167],[42.875075,-5.866057],[42.874546,-5.864216],[42.874685,-5.862492],[42.874856,-5.861146],[42.875117,-5.859801],[42.875298,-5.858411],[42.875363,-5.857011],[42.875354,-5.855579],[42.875106,-5.854039],[42.87412,-5.852831],[42.873144,-5.85252],[42.872658,-5.853028],[42.872434,-5.853689],[42.87192,-5.854092],[42.871391,-5.854425],[42.871208,-5.855118],[42.871155,-5.855964],[42.870603,-5.856976],[42.869427,-5.85685],[42.867947,-5.856368],[42.867898,-5.858098],[42.867805,-5.859239],[42.867321,-5.860139],[42.86657,-5.860826],[42.865922,-5.86138],[42.865481,-5.862125],[42.864886,-5.862692],[42.863981,-5.863339],[42.862664,-5.864048],[42.861883,-5.865693],[42.860859,-5.864899],[42.860061,-5.863696],[42.859608,-5.863258],[42.859232,-5.862852],[42.859181,-5.862313],[42.859211,-5.861772],[42.859242,-5.86126],[42.85919,-5.860783],[42.859004,-5.860419],[42.858786,-5.860058],[42.858534,-5.859808],[42.858207,-5.859778],[42.857849,-5.859988],[42.857459,-5.860277],[42.856952,-5.86086],[42.856014,-5.86171],[42.854834,-5.862063],[42.853633,-5.861872],[42.852477,-5.860692],[42.851521,-5.859043],[42.850427,-5.857712],[42.849957,-5.856049],[42.849092,-5.856754],[42.849007,-5.858582],[42.848125,-5.859489],[42.846983,-5.859307],[42.845857,-5.858856],[42.844408,-5.858752],[42.842965,-5.858936],[42.842493,-5.860079],[42.841577,-5.86178],[42.84071,-5.863418],[42.840449,-5.865847],[42.839754,-5.868059],[42.83858,-5.869242],[42.836931,-5.870209],[42.83533,-5.870166],[42.833558,-5.869849],[42.832167,-5.869687],[42.830809,-5.869517],[42.829625,-5.869798],[42.828766,-5.870457],[42.828212,-5.871267],[42.827677,-5.871913],[42.827184,-5.871163],[42.827235,-5.869517],[42.827832,-5.867812],[42.828258,-5.866389],[42.828434,-5.864643],[42.828151,-5.862946],[42.827681,-5.860999],[42.827071,-5.859709],[42.826291,-5.858376],[42.825515,-5.85714],[42.824591,-5.855766],[42.824023,-5.854221],[42.823378,-5.85262],[42.822916,-5.85113],[42.822494,-5.849691],[42.822065,-5.848289],[42.821558,-5.846998],[42.820523,-5.846381],[42.820433,-5.845152],[42.820844,-5.843922],[42.821273,-5.842672],[42.822002,-5.841542],[42.822869,-5.840222],[42.823051,-5.838674],[42.822896,-5.837221],[42.822187,-5.836135],[42.821246,-5.83539],[42.82017,-5.834628],[42.819029,-5.834031],[42.817762,-5.833511],[42.816407,-5.833285],[42.815267,-5.832801],[42.814404,-5.831862],[42.813249,-5.831514],[42.812126,-5.831006],[42.811851,-5.829503],[42.811855,-5.827913],[42.811734,-5.826216],[42.810866,-5.825011],[42.810019,-5.824122],[42.809072,-5.824076],[42.808387,-5.823971],[42.807878,-5.823897],[42.807381,-5.823834],[42.806904,-5.823858],[42.806443,-5.823649],[42.806029,-5.823167],[42.805589,-5.822701],[42.804995,-5.823364],[42.804192,-5.824011],[42.803253,-5.82486],[42.802074,-5.82441],[42.800685,-5.823438],[42.799742,-5.821634],[42.798917,-5.81987],[42.79779,-5.819149],[42.796789,-5.818499],[42.796102,-5.817392],[42.795592,-5.816002],[42.795222,-5.814482],[42.794592,-5.813304],[42.793666,-5.812461],[42.7927,-5.811543],[42.792025,-5.810567],[42.791583,-5.809133],[42.791381,-5.807693],[42.790861,-5.806635],[42.790124,-5.805882],[42.789177,-5.805465],[42.788214,-5.805033],[42.787103,-5.804568],[42.786065,-5.804259],[42.785099,-5.803873],[42.784453,-5.803225],[42.784154,-5.801807],[42.784225,-5.800507],[42.784274,-5.799143],[42.784329,-5.7979],[42.784298,-5.796695],[42.78424,-5.795462],[42.784185,-5.794369],[42.784149,-5.793363],[42.784162,-5.792235],[42.784191,-5.791073],[42.78421,-5.789951],[42.784239,-5.788855],[42.784247,-5.787751],[42.784278,-5.786678],[42.784311,-5.78558],[42.784322,-5.784576],[42.784328,-5.783612],[42.784335,-5.782764],[42.78452,-5.781795],[42.784806,-5.780665],[42.785071,-5.779517],[42.78531,-5.77845],[42.785454,-5.777339],[42.785569,-5.776198],[42.785688,-5.774987],[42.785809,-5.773717],[42.785824,-5.772237],[42.785723,-5.770692],[42.78568,-5.769018],[42.785637,-5.767469],[42.78559,-5.765874],[42.785547,-5.764444],[42.785469,-5.76295],[42.785427,-5.76166],[42.785453,-5.760263],[42.785484,-5.759269],[42.785555,-5.758473],[42.785561,-5.757855],[42.785519,-5.757501],[42.785757,-5.75715],[42.786197,-5.756162],[42.786436,-5.755216],[42.786643,-5.754433],[42.78688,-5.753551],[42.787116,-5.752627],[42.787208,-5.751716],[42.787241,-5.750985],[42.787271,-5.750297],[42.787293,-5.749545],[42.787318,-5.748377],[42.787324,-5.747338],[42.787508,-5.746304],[42.787888,-5.745694],[42.788204,-5.745352],[42.788435,-5.745025],[42.788638,-5.744672],[42.788809,-5.744232],[42.788937,-5.743659],[42.789047,-5.743007],[42.789152,-5.742369],[42.789259,-5.741716],[42.789352,-5.741139],[42.789455,-5.740555],[42.789578,-5.740054],[42.789747,-5.739553],[42.789953,-5.739153],[42.79023,-5.738782],[42.79052,-5.738444],[42.790827,-5.738088],[42.791155,-5.737723],[42.791497,-5.737333],[42.791863,-5.736916],[42.792218,-5.73653],[42.792626,-5.736091],[42.793058,-5.735609],[42.793467,-5.735164],[42.793874,-5.734702],[42.794312,-5.734271],[42.794735,-5.733993],[42.795089,-5.733817],[42.795404,-5.733642],[42.795707,-5.733406],[42.795931,-5.733157],[42.796139,-5.732815],[42.796278,-5.732465],[42.796397,-5.732071],[42.796445,-5.731668],[42.796449,-5.73127],[42.796421,-5.730851],[42.79638,-5.730445],[42.796342,-5.730037],[42.796286,-5.729625],[42.796263,-5.729202],[42.796234,-5.728826],[42.796204,-5.728457],[42.796189,-5.728123],[42.796213,-5.727783],[42.796246,-5.727463],[42.79629,-5.727165],[42.796354,-5.726858],[42.796422,-5.726549],[42.796498,-5.726232],[42.796546,-5.72594],[42.796594,-5.725612],[42.796624,-5.725273],[42.796642,-5.724906],[42.796645,-5.724556],[42.796644,-5.724217],[42.796647,-5.723841],[42.796636,-5.723462],[42.796642,-5.723075],[42.796639,-5.722681],[42.796627,-5.722172],[42.796632,-5.72173],[42.796633,-5.72144],[42.796647,-5.72129],[42.796712,-5.720883],[42.796796,-5.720379],[42.796923,-5.719788],[42.797014,-5.719322],[42.797092,-5.718906],[42.797169,-5.71849],[42.797258,-5.718007],[42.797357,-5.717331],[42.797321,-5.716272],[42.797074,-5.715077],[42.796783,-5.713347],[42.796518,-5.711186],[42.796397,-5.708813],[42.79638,-5.706304],[42.796356,-5.703754],[42.796338,-5.701234],[42.796261,-5.698666],[42.795861,-5.695956],[42.795639,-5.693247],[42.796263,-5.69081],[42.797291,-5.688559],[42.798337,-5.687437],[42.799181,-5.686423],[42.799421,-5.685804],[42.799607,-5.685329],[42.799879,-5.684383],[42.800115,-5.683237],[42.800161,-5.681841],[42.800155,-5.680148],[42.800157,-5.678293],[42.800169,-5.676498],[42.80019,-5.674476],[42.800267,-5.672567],[42.800851,-5.671289],[42.801509,-5.670342],[42.801869,-5.669261],[42.801892,-5.667935],[42.801842,-5.666329],[42.802143,-5.664382],[42.802377,-5.662128],[42.801596,-5.660153],[42.801239,-5.658225],[42.801687,-5.656402],[42.802185,-5.654573],[42.80272,-5.652648],[42.803273,-5.650635],[42.803864,-5.648517],[42.804416,-5.64651],[42.805155,-5.644963],[42.805613,-5.642841],[42.805905,-5.640803],[42.806344,-5.639477],[42.80693,-5.639204],[42.807419,-5.638148],[42.807812,-5.63702],[42.808003,-5.63591],[42.808069,-5.634452],[42.807604,-5.633555],[42.806825,-5.63408],[42.806322,-5.633634],[42.805919,-5.632565]]', '62r1uem02dl2', '00p9ajk35ew0'),
('3bef3523e01ccc811f76', 'Prueba 2', '2024-02-23', 1036.6, 1041, 2077.6, 100, 'Leon', 'prueba 2.png', 'prueba 2.pdf', 'www.google.es', '[[42.502042,-5.744097],[42.502984,-5.744584],[42.505407,-5.745868],[42.51249,-5.748096],[42.517297,-5.750428],[42.519884,-5.753547],[42.523355,-5.753283],[42.525876,-5.748567],[42.526965,-5.750049],[42.529413,-5.752721],[42.533866,-5.760118],[42.538396,-5.767616],[42.542511,-5.774443],[42.546401,-5.780888],[42.549262,-5.785631],[42.553635,-5.791573],[42.556823,-5.794823],[42.562872,-5.800989],[42.568557,-5.806793],[42.57391,-5.81218],[42.578165,-5.811691],[42.58394,-5.81324],[42.589177,-5.814559],[42.595942,-5.811696],[42.603119,-5.808826],[42.609986,-5.807018],[42.616389,-5.80667],[42.622718,-5.805799],[42.629929,-5.807183],[42.636628,-5.808433],[42.640632,-5.809718],[42.647571,-5.81225],[42.653164,-5.813091],[42.658545,-5.81553],[42.665309,-5.81829],[42.670731,-5.819531],[42.677763,-5.82022],[42.683968,-5.819195],[42.691383,-5.817338],[42.696869,-5.815531],[42.700503,-5.812363],[42.706338,-5.80937],[42.712694,-5.806091],[42.717702,-5.799054],[42.722777,-5.794342],[42.728692,-5.791968],[42.731789,-5.78907],[42.733635,-5.786418],[42.739523,-5.7823],[42.744356,-5.778216],[42.747892,-5.773635],[42.751201,-5.771384],[42.75142,-5.776141],[42.752977,-5.775438],[42.756431,-5.773912],[42.761258,-5.778468],[42.764684,-5.776818],[42.765601,-5.778728],[42.767666,-5.77927],[42.772369,-5.784273],[42.776672,-5.783016],[42.77973,-5.789315],[42.782937,-5.792423],[42.784314,-5.799273],[42.784756,-5.804621],[42.781951,-5.809386],[42.780071,-5.816453],[42.779603,-5.825175],[42.778596,-5.833942],[42.777798,-5.840884],[42.777808,-5.847112],[42.77813,-5.854481],[42.777851,-5.861504],[42.777412,-5.86904],[42.779757,-5.879794],[42.779469,-5.88589],[42.775944,-5.886008],[42.773003,-5.887883],[42.771007,-5.889891],[42.77036,-5.889147],[42.768503,-5.889091],[42.766783,-5.889342],[42.765898,-5.888844],[42.764145,-5.887939],[42.762285,-5.887495],[42.760835,-5.886652],[42.761024,-5.889986],[42.757548,-5.89587],[42.754264,-5.898799],[42.75006,-5.901442],[42.74333,-5.900205],[42.738805,-5.900091],[42.736501,-5.896695],[42.73296,-5.899151],[42.731561,-5.898312],[42.728593,-5.899457],[42.725926,-5.894411],[42.725374,-5.895815],[42.725768,-5.904209],[42.725715,-5.909896],[42.725177,-5.914957],[42.72431,-5.921937],[42.723314,-5.926865],[42.717509,-5.927877],[42.714563,-5.925559],[42.714888,-5.92889],[42.711,-5.930678],[42.709818,-5.928189],[42.706942,-5.927856],[42.706326,-5.925493],[42.704509,-5.923611],[42.703144,-5.922108],[42.701917,-5.920372],[42.699753,-5.919512],[42.697534,-5.918674],[42.693615,-5.924187],[42.694117,-5.933784],[42.694446,-5.940529],[42.69292,-5.949054],[42.692046,-5.954391],[42.690616,-5.960613],[42.688899,-5.960142],[42.687039,-5.960081],[42.688001,-5.968443],[42.687811,-5.972239],[42.686844,-5.973463],[42.685515,-5.976614],[42.682766,-5.970461],[42.680955,-5.968228],[42.677974,-5.970198],[42.676081,-5.969116],[42.672912,-5.965807],[42.667917,-5.964234],[42.660657,-5.960015],[42.654716,-5.958378],[42.648871,-5.955269],[42.642411,-5.952585],[42.6382,-5.947688],[42.631578,-5.942458],[42.626213,-5.939667],[42.621318,-5.937689],[42.613179,-5.934784],[42.610084,-5.932474],[42.608338,-5.927804],[42.609321,-5.923932],[42.609979,-5.920241],[42.611328,-5.911013],[42.610345,-5.899595],[42.60683,-5.893636],[42.60499,-5.889363],[42.596658,-5.878853],[42.58934,-5.86958],[42.587577,-5.858637],[42.589273,-5.846549],[42.587682,-5.839033],[42.587258,-5.838041],[42.590147,-5.829374],[42.589917,-5.823455],[42.588354,-5.815145],[42.582362,-5.812252],[42.577465,-5.811518],[42.573413,-5.811797],[42.567111,-5.805364],[42.559162,-5.797249],[42.55329,-5.791266],[42.549197,-5.785585],[42.543626,-5.776354],[42.537788,-5.766663],[42.531652,-5.756496],[42.527601,-5.750643],[42.525307,-5.750251],[42.521401,-5.754192],[42.521041,-5.75541],[42.517092,-5.75024],[42.508534,-5.747505],[42.501602,-5.743503]]', '02f8wll37kw4', '01j5gic48lj6'),
('bad96e6b499f87ae0b8a', 'Coor', '2024-02-02', 1630.4, 1661, 3291.4, 23, 'Madrid', 'coor.png', 'coor.pdf', 'www.strava.com', '[[43.287341,-1.835509],[43.287063,-1.835182],[43.286685,-1.834587],[43.286755,-1.833754],[43.286849,-1.83312],[43.286702,-1.832293],[43.286423,-1.831595],[43.286349,-1.830879],[43.286295,-1.830293],[43.286214,-1.829898],[43.286016,-1.829337],[43.285857,-1.828887],[43.285853,-1.8283],[43.285751,-1.827426],[43.285671,-1.826506],[43.285626,-1.825678],[43.285432,-1.825174],[43.285209,-1.824622],[43.285051,-1.823803],[43.284542,-1.823264],[43.283947,-1.823011],[43.283327,-1.822813],[43.282773,-1.822197],[43.282524,-1.820818],[43.281743,-1.820536],[43.281061,-1.820338],[43.280642,-1.820224],[43.280309,-1.820057],[43.28007,-1.819743],[43.279648,-1.81971],[43.27921,-1.819663],[43.278747,-1.819548],[43.278352,-1.819393],[43.278101,-1.819503],[43.277776,-1.819941],[43.27733,-1.820116],[43.2771,-1.820201],[43.2769,-1.820302],[43.276715,-1.820339],[43.276536,-1.820251],[43.276323,-1.820254],[43.276181,-1.820458],[43.276048,-1.820753],[43.276012,-1.820991],[43.275972,-1.821379],[43.275886,-1.821681],[43.275658,-1.821878],[43.275345,-1.821785],[43.27507,-1.821599],[43.274799,-1.821174],[43.274526,-1.820646],[43.274097,-1.820303],[43.273866,-1.819608],[43.273946,-1.819035],[43.273905,-1.818588],[43.273863,-1.818027],[43.273928,-1.81744],[43.274014,-1.816971],[43.273998,-1.816381],[43.273886,-1.815963],[43.2736,-1.815786],[43.273434,-1.815893],[43.273299,-1.816247],[43.273074,-1.816685],[43.272816,-1.816806],[43.272628,-1.8166],[43.272411,-1.816219],[43.27221,-1.815797],[43.272047,-1.815506],[43.271917,-1.815242],[43.27179,-1.814951],[43.27171,-1.814611],[43.271676,-1.814151],[43.271643,-1.813822],[43.271665,-1.813439],[43.271689,-1.812983],[43.271915,-1.812417],[43.272082,-1.81203],[43.272025,-1.81161],[43.271902,-1.811129],[43.271939,-1.810656],[43.272087,-1.810136],[43.272183,-1.809683],[43.272035,-1.809376],[43.271638,-1.809339],[43.271224,-1.809291],[43.270823,-1.809192],[43.270663,-1.808725],[43.270598,-1.808285],[43.270672,-1.807772],[43.270764,-1.807309],[43.270881,-1.806896],[43.271081,-1.806488],[43.271356,-1.806416],[43.271272,-1.806754],[43.27117,-1.807208],[43.271312,-1.807569],[43.271444,-1.807957],[43.271822,-1.808038],[43.272032,-1.80801],[43.27224,-1.808079],[43.272744,-1.808324],[43.273087,-1.808674],[43.27327,-1.809103],[43.273487,-1.809284],[43.273397,-1.808893],[43.273278,-1.808434],[43.273039,-1.808025],[43.272906,-1.807529],[43.272855,-1.806948],[43.273119,-1.806495],[43.273315,-1.805945],[43.273442,-1.805348],[43.273466,-1.80473],[43.273305,-1.8042],[43.273225,-1.80358],[43.273382,-1.80303],[43.273363,-1.802474],[43.273207,-1.801936],[43.27324,-1.801361],[43.27332,-1.800848],[43.273243,-1.800315],[43.272915,-1.799982],[43.272715,-1.799479],[43.272677,-1.799015],[43.272674,-1.798626],[43.272723,-1.798264],[43.272754,-1.797912],[43.272798,-1.797627],[43.272842,-1.797417],[43.272851,-1.797365],[43.272826,-1.797439],[43.272801,-1.797513],[43.272765,-1.797951],[43.272808,-1.799527],[43.273587,-1.800327],[43.273274,-1.801402],[43.273312,-1.801018],[43.273334,-1.800684],[43.273297,-1.800367],[43.273098,-1.800197],[43.27291,-1.800027],[43.272762,-1.799788],[43.272653,-1.799457],[43.272643,-1.799136],[43.272653,-1.798892],[43.272679,-1.798607],[43.27271,-1.798313],[43.272744,-1.798062],[43.272771,-1.797849],[43.272819,-1.797584],[43.272877,-1.797316],[43.272931,-1.797054],[43.272943,-1.796773],[43.272933,-1.796546],[43.27291,-1.796266],[43.272883,-1.79599],[43.272847,-1.795678],[43.27281,-1.795402],[43.272781,-1.795243],[43.272726,-1.795128],[43.272726,-1.795128],[43.272726,-1.795128],[43.272295,-1.790969],[43.272884,-1.789193],[43.273021,-1.787833],[43.273071,-1.785933],[43.27357,-1.784241],[43.273876,-1.783531],[43.273657,-1.782285],[43.273461,-1.780789],[43.273216,-1.781947],[43.273176,-1.78334],[43.272411,-1.784832],[43.271979,-1.786199],[43.271498,-1.785891],[43.27194,-1.784366],[43.272163,-1.782334],[43.272357,-1.780243],[43.272558,-1.777852],[43.273585,-1.776424],[43.274353,-1.775475],[43.275175,-1.77544],[43.275812,-1.776008],[43.275945,-1.775496],[43.2768,-1.774611],[43.277028,-1.773334],[43.277098,-1.772407],[43.276605,-1.772037],[43.276409,-1.771619],[43.276233,-1.771195],[43.275913,-1.770592],[43.27567,-1.769711],[43.275047,-1.7693],[43.27456,-1.76928],[43.274304,-1.768517],[43.273979,-1.768236],[43.273861,-1.768401],[43.273758,-1.76849],[43.273535,-1.768758],[43.273465,-1.769362],[43.273293,-1.769979],[43.273053,-1.770494],[43.272726,-1.770904],[43.272376,-1.771107],[43.272086,-1.771236],[43.271882,-1.771315],[43.271654,-1.77151],[43.271432,-1.771631],[43.271233,-1.771939],[43.271053,-1.772327],[43.270781,-1.772737],[43.270501,-1.773108],[43.270194,-1.773436],[43.269903,-1.773297],[43.269697,-1.773032],[43.269518,-1.772742],[43.269471,-1.772359],[43.269491,-1.771929],[43.269491,-1.7715],[43.269483,-1.771102],[43.269409,-1.770651],[43.269224,-1.770188],[43.269001,-1.769744],[43.268783,-1.769372],[43.268551,-1.76899],[43.268288,-1.768764],[43.267978,-1.768553],[43.267819,-1.768095],[43.267519,-1.767855],[43.267209,-1.767698],[43.267067,-1.767342],[43.267089,-1.76704],[43.266869,-1.76691],[43.266628,-1.766904],[43.266336,-1.766985],[43.266143,-1.767052],[43.265927,-1.767309],[43.265573,-1.767764],[43.265078,-1.768054],[43.264921,-1.76768],[43.264875,-1.76722],[43.264752,-1.766723],[43.264684,-1.766295],[43.264706,-1.765815],[43.264617,-1.765415],[43.26458,-1.764951],[43.264643,-1.764376],[43.26453,-1.764036],[43.264358,-1.764019],[43.264121,-1.764192],[43.263825,-1.76437],[43.263535,-1.764554],[43.263328,-1.764855],[43.262957,-1.764936],[43.262635,-1.764783],[43.262222,-1.764608],[43.261846,-1.764342],[43.261532,-1.764177],[43.261239,-1.764293],[43.260996,-1.764642],[43.260801,-1.765149],[43.260541,-1.765037],[43.260646,-1.764661],[43.260693,-1.764362],[43.26079,-1.764144],[43.261122,-1.763748],[43.26158,-1.763469],[43.26197,-1.763428],[43.262337,-1.763341],[43.262418,-1.763248],[43.26272,-1.763088],[43.262942,-1.762799],[43.2631,-1.762399],[43.263437,-1.762022],[43.263749,-1.761845],[43.264168,-1.761538],[43.264449,-1.761241],[43.264859,-1.761055],[43.26533,-1.760965],[43.265804,-1.760903],[43.266218,-1.760842],[43.266625,-1.76086],[43.266793,-1.761234],[43.266576,-1.761897],[43.266402,-1.762285],[43.266659,-1.762046],[43.266903,-1.761788],[43.267032,-1.761329],[43.266924,-1.76093],[43.26683,-1.760507],[43.266469,-1.760356],[43.266029,-1.76027],[43.265616,-1.760067],[43.265252,-1.760031],[43.265161,-1.760011],[43.265295,-1.759892],[43.266552,-1.759989],[43.26716,-1.760788],[43.266553,-1.762018],[43.266163,-1.761149],[43.264624,-1.761609],[43.263255,-1.762732],[43.263283,-1.762497],[43.263445,-1.762109],[43.26364,-1.761979],[43.263843,-1.761871],[43.26404,-1.761732],[43.264141,-1.761594],[43.264323,-1.761413],[43.264518,-1.761248],[43.26478,-1.761117],[43.265053,-1.761024],[43.265335,-1.760969],[43.26559,-1.760953],[43.265849,-1.760919],[43.266115,-1.760881],[43.266335,-1.760856],[43.266684,-1.760984],[43.266792,-1.761328],[43.266719,-1.761828],[43.2665,-1.762064],[43.266418,-1.762245],[43.26654,-1.762299],[43.266729,-1.762119],[43.266925,-1.761997],[43.26703,-1.761747],[43.267061,-1.761344],[43.26706,-1.761136],[43.267063,-1.760792],[43.266992,-1.760522],[43.266785,-1.760284],[43.266523,-1.760142],[43.266261,-1.76011],[43.265983,-1.760018],[43.265664,-1.759987],[43.265364,-1.759975],[43.265135,-1.759989],[43.265097,-1.759883],[43.264968,-1.759682],[43.264785,-1.758923],[43.26517,-1.75812],[43.265552,-1.75776],[43.265994,-1.757799],[43.266858,-1.757495],[43.267737,-1.757141],[43.268109,-1.756906],[43.268661,-1.75585],[43.269091,-1.75409],[43.269012,-1.751947],[43.268643,-1.750206],[43.268913,-1.748092],[43.268924,-1.747286],[43.268777,-1.748189],[43.26845,-1.749184],[43.268097,-1.750361],[43.268076,-1.749395],[43.268444,-1.747743],[43.268014,-1.746009],[43.267462,-1.744065],[43.266931,-1.742122],[43.26627,-1.740661],[43.265282,-1.74086],[43.264764,-1.739543],[43.264799,-1.738648],[43.263557,-1.737998],[43.262194,-1.737615],[43.260629,-1.736983],[43.260049,-1.735796],[43.26009,-1.735311],[43.260202,-1.734682],[43.259854,-1.733779],[43.259626,-1.732247],[43.25884,-1.731229],[43.258663,-1.730993],[43.258978,-1.732358],[43.25878,-1.73244],[43.258521,-1.731627],[43.258612,-1.731648],[43.258651,-1.73176],[43.258449,-1.73141],[43.257933,-1.730161],[43.257712,-1.728676],[43.256699,-1.72806],[43.256419,-1.726974],[43.256389,-1.726896],[43.256203,-1.726499],[43.256289,-1.726772],[43.256378,-1.727477],[43.255925,-1.72639],[43.255973,-1.72543],[43.257008,-1.72503],[43.257021,-1.724742],[43.255755,-1.724371],[43.254429,-1.723882],[43.253391,-1.723009],[43.252306,-1.722226],[43.25112,-1.721388],[43.249749,-1.721298],[43.248775,-1.7205],[43.247705,-1.719568],[43.247289,-1.717977],[43.247431,-1.71633],[43.247694,-1.714819],[43.247521,-1.713301],[43.247233,-1.712002],[43.247121,-1.710855],[43.247323,-1.709807],[43.24719,-1.709079],[43.247015,-1.708458],[43.246853,-1.707731],[43.246747,-1.706909],[43.246741,-1.706034],[43.246779,-1.705268],[43.246645,-1.704718],[43.246946,-1.704236],[43.2472,-1.703984],[43.247483,-1.704331],[43.247553,-1.704475],[43.24763,-1.704462],[43.247637,-1.704472],[43.247664,-1.704942],[43.247491,-1.705252],[43.247102,-1.705266],[43.246944,-1.705632],[43.246908,-1.705666],[43.246867,-1.705587],[43.246838,-1.705455],[43.246838,-1.705102],[43.247085,-1.705064],[43.247148,-1.705187],[43.247256,-1.705156],[43.247218,-1.705194],[43.247159,-1.705254],[43.246937,-1.705347],[43.246873,-1.705621],[43.246917,-1.705989],[43.246878,-1.706349],[43.2469,-1.706815],[43.246948,-1.7073],[43.247006,-1.707897],[43.247199,-1.708422],[43.247307,-1.70863],[43.247501,-1.709216],[43.247429,-1.709913],[43.247298,-1.71057],[43.247336,-1.711174],[43.247528,-1.711741],[43.247503,-1.712602],[43.247621,-1.713489],[43.247594,-1.714798],[43.247469,-1.715789],[43.247319,-1.716762],[43.247273,-1.717661],[43.247306,-1.718392],[43.247473,-1.719067],[43.247796,-1.719482],[43.248046,-1.719906],[43.248241,-1.720307],[43.248752,-1.720496],[43.249189,-1.720808],[43.249343,-1.720992],[43.249519,-1.721027],[43.249773,-1.720811],[43.250062,-1.720799],[43.250523,-1.721074],[43.25098,-1.721419],[43.251462,-1.72173],[43.251888,-1.72196],[43.252225,-1.722186],[43.252579,-1.722374],[43.252918,-1.722793],[43.253375,-1.72317],[43.253911,-1.723596],[43.254629,-1.723784],[43.255244,-1.72404],[43.255781,-1.724304],[43.256243,-1.724511],[43.256685,-1.72458],[43.257038,-1.724535],[43.257258,-1.72481],[43.257005,-1.725135],[43.256712,-1.725352],[43.256497,-1.725673],[43.256103,-1.725685],[43.255747,-1.725723],[43.25575,-1.726085],[43.255935,-1.726464],[43.256165,-1.726801],[43.256248,-1.727147],[43.256345,-1.727643],[43.256345,-1.727457],[43.256275,-1.727156],[43.256122,-1.726503],[43.256274,-1.726612],[43.256424,-1.727137],[43.256691,-1.727586],[43.257093,-1.727983],[43.257493,-1.72807],[43.257669,-1.728547],[43.257767,-1.729037],[43.257908,-1.729481],[43.258093,-1.729935],[43.258265,-1.730435],[43.258387,-1.7308],[43.258501,-1.731292],[43.258565,-1.731914],[43.258802,-1.73242],[43.258916,-1.732441],[43.258827,-1.732279],[43.25878,-1.731867],[43.258714,-1.73137],[43.258584,-1.730939],[43.258536,-1.730469],[43.258691,-1.730759],[43.25886,-1.731104],[43.259091,-1.731462],[43.259379,-1.731715],[43.259559,-1.731916],[43.259656,-1.732372],[43.259914,-1.732796],[43.260122,-1.733193],[43.260383,-1.733524],[43.260687,-1.733841],[43.260947,-1.734046],[43.261151,-1.734448],[43.261107,-1.734828],[43.260673,-1.735025],[43.260352,-1.735306],[43.259989,-1.735411],[43.260027,-1.735692],[43.260263,-1.735703],[43.260463,-1.736101],[43.26052,-1.736678],[43.260777,-1.737005],[43.261085,-1.737156],[43.261428,-1.73731],[43.26172,-1.737402],[43.262021,-1.737483],[43.262356,-1.737554],[43.26269,-1.73766],[43.263027,-1.737708],[43.263308,-1.737724],[43.263579,-1.737838],[43.26383,-1.737885],[43.264091,-1.738023],[43.264383,-1.73813],[43.264753,-1.738375],[43.264986,-1.738797],[43.264753,-1.739264],[43.264804,-1.739716],[43.264856,-1.740138],[43.265191,-1.740509],[43.265378,-1.740902],[43.265661,-1.741053],[43.265966,-1.740784],[43.26628,-1.740603],[43.266506,-1.740807],[43.266701,-1.74124],[43.266803,-1.741716],[43.266992,-1.742151],[43.267199,-1.742564],[43.267376,-1.74297],[43.267463,-1.743402],[43.267516,-1.743886],[43.267626,-1.744376],[43.26775,-1.744884],[43.267854,-1.745408],[43.268049,-1.74583],[43.268207,-1.746174],[43.268479,-1.746572],[43.268638,-1.747035],[43.26859,-1.747509],[43.268536,-1.747932],[43.268472,-1.748434],[43.268263,-1.748988],[43.268073,-1.749476],[43.268005,-1.749969],[43.268063,-1.750352],[43.268144,-1.749775],[43.268359,-1.749226],[43.268617,-1.748647],[43.268799,-1.747865],[43.269067,-1.747138],[43.269089,-1.747712],[43.268979,-1.748247],[43.268883,-1.748668],[43.268822,-1.749133],[43.268846,-1.7496],[43.268721,-1.750051],[43.268746,-1.75054],[43.268803,-1.751019],[43.269015,-1.751463],[43.269122,-1.75197],[43.269244,-1.752441],[43.269357,-1.752939],[43.269313,-1.753483],[43.26928,-1.75399],[43.26928,-1.754451],[43.269269,-1.754856],[43.269036,-1.755319],[43.268845,-1.755747],[43.268718,-1.756119],[43.268544,-1.756507],[43.268236,-1.756893],[43.26789,-1.757205],[43.267669,-1.757414],[43.267363,-1.757617],[43.267032,-1.757746],[43.266768,-1.757725],[43.266472,-1.757544],[43.266292,-1.757619],[43.265921,-1.757764],[43.265656,-1.757844],[43.265404,-1.758082],[43.265155,-1.758306],[43.264957,-1.758578],[43.264963,-1.758952],[43.265105,-1.759435],[43.265001,-1.759815],[43.265016,-1.759872],[43.265032,-1.759943],[43.265116,-1.759888],[43.264896,-1.759902],[43.264596,-1.760033],[43.264341,-1.760158],[43.264326,-1.760156],[43.26468,-1.75998],[43.264975,-1.759656],[43.26482,-1.758936],[43.264821,-1.758538],[43.264862,-1.758461],[43.264903,-1.758386],[43.265298,-1.757937],[43.26537,-1.758017],[43.265264,-1.758169],[43.265077,-1.758328],[43.264954,-1.758439],[43.26485,-1.758704],[43.264846,-1.758989],[43.264887,-1.759274],[43.264956,-1.759624],[43.265121,-1.759848],[43.26566,-1.75992],[43.266449,-1.75995],[43.267086,-1.761307],[43.266502,-1.762449],[43.266689,-1.761826],[43.266529,-1.760967],[43.265163,-1.76111],[43.263935,-1.761818],[43.26304,-1.762794],[43.26256,-1.763315],[43.262128,-1.763146],[43.26189,-1.763552],[43.261428,-1.764532],[43.261587,-1.763901],[43.262303,-1.764602],[43.26277,-1.764578],[43.263791,-1.76385],[43.264311,-1.763805],[43.264158,-1.766368],[43.264977,-1.768234],[43.265764,-1.76723],[43.266628,-1.766643],[43.266948,-1.767324],[43.267307,-1.767631],[43.268109,-1.768274],[43.269185,-1.770892],[43.269527,-1.772571],[43.27003,-1.772576],[43.270965,-1.771211],[43.272408,-1.770328],[43.272919,-1.76892],[43.273627,-1.767978],[43.273945,-1.768394],[43.274865,-1.768759],[43.275428,-1.769248],[43.276385,-1.77034],[43.27727,-1.77152],[43.277805,-1.772691],[43.277588,-1.774031],[43.276755,-1.774929],[43.276403,-1.775475],[43.276347,-1.775954],[43.276333,-1.776285],[43.275618,-1.776575],[43.275051,-1.77641],[43.274961,-1.775817],[43.274704,-1.775524],[43.274541,-1.775878],[43.274256,-1.776248],[43.273741,-1.776699],[43.273511,-1.777112],[43.273268,-1.778021],[43.27317,-1.778684],[43.272882,-1.779467],[43.272598,-1.780376],[43.27251,-1.780935],[43.272441,-1.781457],[43.272489,-1.781975],[43.272577,-1.782494],[43.27273,-1.78297],[43.272514,-1.783504],[43.272102,-1.784031],[43.27182,-1.784533],[43.271733,-1.784941],[43.271853,-1.785346],[43.27182,-1.785799],[43.27172,-1.786221],[43.271571,-1.786175],[43.271392,-1.785919],[43.271579,-1.785572],[43.27184,-1.785251],[43.272075,-1.785073],[43.272285,-1.784723],[43.272546,-1.7843],[43.272883,-1.783932],[43.272876,-1.783179],[43.272921,-1.782413],[43.273048,-1.781783],[43.273194,-1.781167],[43.273441,-1.780748],[43.273517,-1.781096],[43.273578,-1.781424],[43.273622,-1.781974],[43.273775,-1.782377],[43.273891,-1.782685],[43.274089,-1.783174],[43.274139,-1.78357],[43.273435,-1.784063],[43.273418,-1.784354],[43.273625,-1.784751],[43.273636,-1.785224],[43.273755,-1.785621],[43.273672,-1.786267],[43.273809,-1.786757],[43.27379,-1.787203],[43.273803,-1.787701],[43.273592,-1.788221],[43.272993,-1.788889],[43.273005,-1.789319],[43.272999,-1.789685],[43.272593,-1.790299],[43.272519,-1.790833],[43.272585,-1.791178],[43.272691,-1.791446],[43.272429,-1.791281],[43.272309,-1.791082],[43.272318,-1.790603],[43.272793,-1.789322],[43.273044,-1.788002],[43.273042,-1.785278],[43.273894,-1.784011],[43.273826,-1.783099],[43.27393,-1.783265],[43.274133,-1.783585],[43.273816,-1.783984],[43.273561,-1.784078],[43.273369,-1.78422],[43.273394,-1.784411],[43.273428,-1.784585],[43.273425,-1.784774],[43.273417,-1.785004],[43.273337,-1.785293],[43.273238,-1.78559],[43.273114,-1.785897],[43.273101,-1.786219],[43.273077,-1.786519],[43.27306,-1.786797],[43.273055,-1.787067],[43.273002,-1.78733],[43.273052,-1.787574],[43.273078,-1.787857],[43.273088,-1.788115],[43.273196,-1.788337],[43.273181,-1.788502],[43.273096,-1.788672],[43.272995,-1.788909],[43.27306,-1.789114],[43.27288,-1.789438],[43.272853,-1.789642],[43.272744,-1.789871],[43.272569,-1.790135],[43.272419,-1.790394],[43.272395,-1.790653],[43.272424,-1.790931],[43.272431,-1.791194],[43.272446,-1.791469],[43.272455,-1.791776],[43.272556,-1.79197],[43.272734,-1.792186],[43.272734,-1.792186],[43.272734,-1.792186],[43.272734,-1.792186],[43.272734,-1.792186],[43.272734,-1.792186],[43.272734,-1.792186],[43.272892,-1.796371],[43.272821,-1.797518],[43.272686,-1.799413],[43.273355,-1.800758],[43.273492,-1.802519],[43.273439,-1.804364],[43.27323,-1.806284],[43.273156,-1.807835],[43.27365,-1.809505],[43.273163,-1.808655],[43.271938,-1.808186],[43.271117,-1.807335],[43.271113,-1.806628],[43.270754,-1.808035],[43.271476,-1.809039],[43.272036,-1.809528],[43.272173,-1.811228],[43.271597,-1.812991],[43.271823,-1.814887],[43.272658,-1.816627],[43.273068,-1.81596],[43.273529,-1.815899],[43.273794,-1.817328],[43.274021,-1.818484],[43.274226,-1.819818],[43.274917,-1.821215],[43.275656,-1.821598],[43.275816,-1.820496],[43.276182,-1.820523],[43.277147,-1.820185],[43.277686,-1.819339],[43.278814,-1.819743],[43.27966,-1.819829],[43.280604,-1.820326],[43.281623,-1.820454],[43.282313,-1.82116],[43.282803,-1.822268],[43.283814,-1.822774],[43.28482,-1.823244],[43.285211,-1.824418],[43.285589,-1.826036],[43.285751,-1.827559],[43.285967,-1.829115],[43.286245,-1.830964],[43.286726,-1.832385],[43.286708,-1.833689],[43.286877,-1.834894],[43.287543,-1.835841],[43.288003,-1.836931],[43.288584,-1.838088],[43.28945,-1.838985],[43.2901,-1.840286],[43.290704,-1.841609],[43.29111,-1.843041],[43.291919,-1.844091],[43.292347,-1.844909],[43.292792,-1.84535],[43.293253,-1.845724],[43.293725,-1.845925],[43.294252,-1.845683],[43.294713,-1.846142],[43.294987,-1.847043],[43.295091,-1.847959],[43.295118,-1.848571],[43.29518,-1.84923],[43.295276,-1.849982],[43.295475,-1.850837],[43.296012,-1.851742],[43.296482,-1.852812],[43.29643,-1.853627],[43.296523,-1.854175],[43.296602,-1.854832],[43.296741,-1.855552],[43.296836,-1.856177],[43.296968,-1.856478],[43.297113,-1.856794],[43.297233,-1.857172],[43.297539,-1.857392],[43.297815,-1.857772],[43.298001,-1.858154],[43.298004,-1.858217],[43.298254,-1.858186],[43.298727,-1.858368],[43.299115,-1.858646],[43.299486,-1.85893],[43.299816,-1.859255],[43.300088,-1.859896],[43.30042,-1.86143],[43.300116,-1.863339],[43.300519,-1.865239],[43.301115,-1.866701],[43.302031,-1.867392],[43.303079,-1.868092],[43.303265,-1.869517],[43.302593,-1.870367],[43.302297,-1.871254],[43.302692,-1.872148],[43.303125,-1.873038],[43.303588,-1.874042],[43.304108,-1.875128],[43.304911,-1.876245],[43.305538,-1.877877],[43.306583,-1.879048],[43.307676,-1.880208],[43.308403,-1.881382],[43.30921,-1.882527],[43.309976,-1.883527],[43.310572,-1.884007],[43.310768,-1.885162],[43.310773,-1.886332],[43.310799,-1.887427],[43.310729,-1.888501],[43.310645,-1.889875],[43.310853,-1.891168],[43.311141,-1.892402],[43.311414,-1.893413],[43.311631,-1.894226]]', '02f8wll37kw4', '43o0aja32wa6');

-- --------------------------------------------------------

--
-- Estructura de tabla para la tabla `races_services`
--

CREATE TABLE `races_services` (
  `id_race` varchar(20) NOT NULL,
  `id_service` varchar(20) NOT NULL
) ENGINE=InnoDB DEFAULT CHARSET=utf8mb4 COLLATE=utf8mb4_general_ci;

--
-- Volcado de datos para la tabla `races_services`
--

INSERT INTO `races_services` (`id_race`, `id_service`) VALUES
('3a50f54de468fbf6cff5', '12b6hah53jc9'),
('3a50f54de468fbf6cff5', '55h1ngq99rc1'),
('3a50f54de468fbf6cff5', '89p0gjq46ll5'),
('3bef3523e01ccc811f76', '55h1ngq99rc1'),
('3bef3523e01ccc811f76', '64s5stg45yh4'),
('bad96e6b499f87ae0b8a', '12b6hah53jc9'),
('bad96e6b499f87ae0b8a', '89p0gjq46ll5');

-- --------------------------------------------------------

--
-- Estructura de tabla para la tabla `services`
--

CREATE TABLE `services` (
  `id` varchar(20) NOT NULL,
  `type` varchar(40) DEFAULT NULL
) ENGINE=InnoDB DEFAULT CHARSET=utf8mb4 COLLATE=utf8mb4_general_ci;

--
-- Volcado de datos para la tabla `services`
--

INSERT INTO `services` (`id`, `type`) VALUES
('12b6hah53jc9', 'Tiempos intermedios'),
('14n1hrj58qz8', 'Zonas ecologicas'),
('55h1ngq99rc1', 'Avituallamiento liquido'),
('61c0bcg91ac2', 'Parking'),
('64s5stg45yh4', 'Avituallamiento solido'),
('89p0gjq46ll5', 'Puestos de socorro');

-- --------------------------------------------------------

--
-- Estructura de tabla para la tabla `users`
--

CREATE TABLE `users` (
  `id` varchar(20) NOT NULL,
  `name` varchar(50) DEFAULT NULL,
  `username` varchar(30) DEFAULT NULL,
  `mail` varchar(100) DEFAULT NULL,
  `pass` varchar(255) DEFAULT NULL,
  `city` varchar(40) DEFAULT NULL,
  `photo` varchar(100) DEFAULT NULL
) ENGINE=InnoDB DEFAULT CHARSET=utf8mb4 COLLATE=utf8mb4_general_ci;

--
-- Volcado de datos para la tabla `users`
--

INSERT INTO `users` (`id`, `name`, `username`, `mail`, `pass`, `city`, `photo`) VALUES
('00m2ydk04bw9', 'Johannah Mendenhall', 'jmendenhall18', 'jmendenhall18@nyu.edu', 'tM1)+~uT', 'Bautista', 'OdioCondimentum.doc'),
('01k3bcp67tw0', 'Barbette Crackel', 'bcrackelt', 'bcrackelt@archive.org', 'kV8)HwR', 'Kompóti', 'Sodales.mov'),
('01u1hhj50ya7', 'Tyne Scimonelli', 'tscimonellib', 'tscimonellib@epa.gov', 'fF2/<C7k.F.ZV3a', 'Okinawa Número Uno', 'AugueLuctus.xls'),
('02z0msn65mm6', 'Sax Records', 'srecords16', 'srecords16@newyorker.com', 'xW3+Mq5Y', 'Mlonggo', 'Commodo.mpeg'),
('03u7cup02ed1', 'Jaclyn Sevin', 'jsevino', 'jsevino@sphinn.com', 'sY2~UEE1g%V/', 'Cabog', 'Gravida.mp3'),
('05v5pue19ri3', 'Dorie Brookbank', 'dbrookbank19', 'dbrookbank19@merriam-webster.com', 'lV6$I$1Y.', 'Ichnya', 'AmetCursusId.xls'),
('08k0uxn29kd5', 'Ad Kingscote', 'akingscoten', 'akingscoten@surveymonkey.com', 'zE4>%oo?(w', 'Cluses', 'Euismod.txt'),
('10l9szo17cl2', 'Enrique Greave', 'egreave8', 'egreave8@ameblo.jp', 'pF7./~f?', 'Norrköping', 'Duis.mp3'),
('11r4evu52mf4', 'Alphonso Bulteel', 'abulteel1c', 'abulteel1c@sun.com', 'oE8$*y2wzSWx$=8@', 'Fort Portal', 'Enim.doc'),
('16t6mqi26fm5', 'Chuck Chippin', 'cchippins', 'cchippins@newyorker.com', 'tA0@i>9pA', 'Sulengwaseng', 'NecDui.avi'),
('18a71aab51648a6e470f', 'prueba', 'prueba', 'prueba', 'prueba', 'Granada', 'prueba.png'),
('19d9yaz40qn3', 'Elwira Blundell', 'eblundellv', 'eblundellv@kickstarter.com', 'cE0,*b)8+L<\"ZM|', 'Jamban', 'VariusInteger.xls'),
('20a6zua96se1', 'Paulette Eastway', 'peastwayr', 'peastwayr@bloomberg.com', 'uA9,bvFu', 'Kudusan', 'NonInterdum.mp3'),
('21f9mlp90pp7', 'Abba Dyneley', 'adyneley1k', 'adyneley1k@forbes.com', 'gI3?DgP/_w+u', 'Hupalivka', 'Suspendisse.xls'),
('25e5ugr60sh7', 'Hadley MacKeeg', 'hmackeeg11', 'hmackeeg11@examiner.com', 'dC5.S9nOp}KK9', 'Ingenio', 'Metus.ppt'),
('27c2vmc10aj8', 'Florence Stanning', 'fstanning1', 'fstanning1@toplist.cz', 'iT5*c+(.3c=', 'Yangping', 'SodalesScelerisque.ppt'),
('27l5rfe75ug3', 'Sunny Dumsday', 'sdumsdayd', 'sdumsdayd@discovery.com', 'kN0,mgsucyP', 'Ciudad Nueva', 'Phasellus.gif'),
('28s7fcv53io5', 'Leonhard Ranger', 'lrangeru', 'lrangeru@wp.com', 'gG1_4Y~Ir.y.WzB', 'Asahikawa', 'Semper.xls'),
('30b2kjh47zx1', 'Konstantine McElmurray', 'kmcelmurraye', 'kmcelmurraye@about.me', 'mW3<>T9=mZQJmIa', 'Luoshanchuan', 'Luctus.ppt'),
('33c8ozw26lm4', 'Yasmin Ridgway', 'yridgway2', 'yridgway2@earthlink.net', 'mG4{h*XX)bR,g#VL', 'Piru', 'Sem.ppt'),
('34u9nrz02jm9', 'Amitie Ivakhin', 'aivakhin0', 'aivakhin0@unesco.org', 'uA8~qbeXEH9c_N', 'Agpangi', 'CubiliaCurae.doc'),
('38a6kvs39nm9', 'Mallissa Swaden', 'mswadeny', 'mswadeny@cmu.edu', 'fM4*.eYI%x&xZG', 'Maumbawa', 'Molestie.mp3'),
('38k1ysu20vs9', 'Linus Pudden', 'lpudden1j', 'lpudden1j@ox.ac.uk', 'uV4`J`l>XkakIrS', 'Armanāz', 'AnteVivamusTortor.tiff'),
('38l8cmo24jw8', 'Dillie Lebourn', 'dlebournh', 'dlebournh@canalblog.com', 'lP0<y0vBOcDpO6', 'Yelwa', 'VestibulumSitAmet.avi'),
('40r1vby21ca7', 'Nicolle Gason', 'ngasonc', 'ngasonc@cloudflare.com', 'tO6,4\"sw.$eP#', 'Qinglin', 'Diam.mp3'),
('41g0ayn92yv8', 'Lauren Crush', 'lcrush1l', 'lcrush1l@businessweek.com', 'lC6}Srev<ig', 'Cayungnan', 'UtTellusNulla.mp3'),
('43f1cvn19wt5', 'Dillon Downer', 'ddowner7', 'ddowner7@sun.com', 'bD2=vdCm}j<+V', 'Heichengzi', 'NamDuiProin.ppt'),
('43k2ukv87om2', 'Russ Jessel', 'rjesself', 'rjesself@xinhuanet.com', 'pI2&NJY9D8)M', 'Taupo', 'Fusce.xls'),
('45x5mzz92bu9', 'Dniren Ambrodi', 'dambrodi4', 'dambrodi4@bing.com', 'qF4{w?_\n9Y`txHJ', 'Iset’', 'MassaId.xls'),
('46j8acx76ib2', 'Tamqrah Eich', 'teichm', 'teichm@sourceforge.net', 'aL7}ahL_=hRbV,6', 'Tuanalepe', 'CongueElementum.tiff'),
('46u2bmo31ae9', 'Jayme McKea', 'jmckeap', 'jmckeap@berkeley.edu', 'kA7}B@3&jso', 'Rushankou', 'EgetSemperRutrum.png'),
('47a8ogv64xq9', 'Fan Beckley', 'fbeckley10', 'fbeckley10@cnbc.com', 'dX0\0T3mH', 'Luohuang', 'Eu.tiff'),
('48f2nwy13wi6', 'Merilee Williscroft', 'mwilliscroft14', 'mwilliscroft14@hubpages.com', 'dT0.}9rR', 'Lebak Timur', 'Nascetur.xls'),
('50f8auj98du5', 'Baxy Lesek', 'blesek5', 'blesek5@reuters.com', 'eA8<?NSp', 'Toledo', 'AliquamQuisTurpis.tiff'),
('51k2hrk92uf2', 'Nyssa Le feuvre', 'nle1n', 'nle1n@virginia.edu', 'xH3.gP}GS!TS1', 'Mendenrejo', 'Dolor.avi'),
('52v2uph05kw9', 'Ronni Osgar', 'rosgar12', 'rosgar12@php.net', 'lX7@dow\"\"KnzaV', 'Bryukhovetskaya', 'PedeUllamcorperAugue.tiff'),
('54o1jnk44qq6', 'Tamas Terne', 'tternei', 'tternei@boston.com', 'sH1,5tr,&OBX', 'Jiuzhou', 'PharetraMagna.mov'),
('55y8ynp48av0', 'Rickie Sylett', 'rsylett1f', 'rsylett1f@yahoo.com', 'dV1)Ie*{@', 'Capitán Bermúdez', 'Nibh.ppt'),
('5ba2a3cef5fc60cc8cfe', 'prueba', 'prueba2', 'prueba@mail.com', 'prueba2', 'Granada', 'prueba.png'),
('60b7djg91ix8', 'Dionne Ballendine', 'dballendinex', 'dballendinex@salon.com', 'oW4}YobK=u', 'Chengcun', 'Ullamcorper.xls'),
('61z6lqu58gh2', 'Anatole Filippyev', 'afilippyev1g', 'afilippyev1g@ted.com', 'fT7}epZ!g', 'Canomoy', 'ElementumNullam.mp3'),
('62z4wij91uu5', 'Ursula Danilyuk', 'udanilyukk', 'udanilyukk@archive.org', 'uB5?vfgO', 'Windsor', 'TempusVel.avi'),
('63d8iew33xv3', 'Dougie Maliffe', 'dmaliffeg', 'dmaliffeg@abc.net.au', 'rG0!zTH8w', 'Sérvia', 'HabitassePlateaDictumst.gif'),
('64r6qgh43bv4', 'Margaux McClurg', 'mmcclurgq', 'mmcclurgq@wix.com', 'iQ0Hn=Ag', 'Wangi', 'Vivamus.doc'),
('68a7573d413676f09bf1', 'Adrian Gutierrez Usoz', 'adriGuti', 'adri.@mail.com', '$2y$10$ujKWbFwtyMGMBXg7Vegeqe.hbWtpq0QXTes1elAlKS4hzM8iOZ4G.', 'Gipuzkoa', 'adriGuti.png'),
('68e3cdb297b6681761be', 'Astucia', 'astucia', 'asdasd@fwe.com', '123456789', 'Burgos', 'Astucia'),
('72c2xlb32zs1', 'Aurlie Volleth', 'avolleth1d', 'avolleth1d@sciencedirect.com', 'gK4@yzEaQY#Gdn', 'Sucha', 'VelEnimSit.xls'),
('72z7tbf49ix6', 'Roselia Kempshall', 'rkempshall1m', 'rkempshall1m@miibeian.gov.cn', 'hS2=Wyr~|RClVi', 'Disina', 'ProinEu.gif'),
('74b6tho53sb6', 'Elisabet Woodcroft', 'ewoodcroft1i', 'ewoodcroft1i@taobao.com', 'fL7\rtt!3qxa_jq', 'Vallenar', 'EstQuam.gif'),
('74w6wut98le6', 'Horatio Sang', 'hsangj', 'hsangj@xrea.com', 'nN5_!3DD,', 'Boca Suno', 'OrciEgetOrci.mp3'),
('75k8qfv99ug9', 'Rowland Pimblott', 'rpimblott1e', 'rpimblott1e@edublogs.org', 'eP7)4w_uIyrdMoH', 'Umunede', 'Accumsan.ppt'),
('75o4mgj05di0', 'Ardelis Ubank', 'aubank13', 'aubank13@independent.co.uk', 'lI8(!gD#8_isw@8w', 'Sandia', 'AliquamSitAmet.doc'),
('76i3jwb46fi7', 'Bess Fellowes', 'bfellowesw', 'bfellowesw@google.nl', 'zG3*?0O&rlKx!wX8', 'Pingshan', 'OrciNullamMolestie.mp3'),
('77h7unt30sz6', 'Morganne Burkhill', 'mburkhill17', 'mburkhill17@ed.gov', 'nZ2+dliG|awS!rJ', 'Hedong', 'Ultrices.xls'),
('78m3mda58mq5', 'Karoly Di Filippo', 'kdi1a', 'kdi1a@delicious.com', 'pU5,7sar?weN', 'Carcassonne', 'Justo.xls'),
('79z4mem64zn8', 'Terrence Maffin', 'tmaffina', 'tmaffina@ox.ac.uk', 'pB3<H2Jmrsdstu<C', 'Parque Industrial', 'ConvallisNullaNeque.mp3'),
('7e448c7d516647752c89', 'algunao', 'asd', 'asd@maio.com', '$2y$10$ifTNKyV5ePItCk4oPrFsVuqh.qa7nKdcBTYZL9z/Sn55q4Xq7wyk.', 'Cádiz', 'asd.png'),
('80a4fhh44ht7', 'Marys Tapin', 'mtapinl', 'mtapinl@aol.com', 'uD7}cd#IEN', 'Sala', 'OrciNullamMolestie.mp3'),
('81m5tmf28qw1', 'Tisha Coultard', 'tcoultard6', 'tcoultard6@meetup.com', 'tN9kP8Pl3yt<U$', 'Winong', 'LigulaPellentesque.txt'),
('86z3rey98ev1', 'Chanda Schimann', 'cschimann15', 'cschimann15@jugem.jp', 'eF4|Rk#ADxj', 'Shatian', 'IdMauris.mov'),
('94h6fek22jo8', 'Nahum Densumbe', 'ndensumbe3', 'ndensumbe3@nih.gov', 'dB2}(Lz>(2', 'Pavlodar', 'VitaeNisl.png'),
('97l8pkq38ua6', 'Crysta Colvin', 'ccolvin9', 'ccolvin9@samsung.com', 'iX9}@Wl.', 'Rikitgaib', 'AeneanLectus.mp3'),
('98c8dzl95nm6', 'Marianna Aingel', 'maingelz', 'maingelz@addtoany.com', 'mH3!t#S<#V8<&NVy', 'Niba', 'ConvallisEgetEleifend.avi'),
('98f1cch86ro4', 'Spike Philip', 'sphilip1h', 'sphilip1h@shareasale.com', 'kV3#8}ZK', 'Ternopil’', 'AugueAliquamErat.mpeg'),
('98q3igw21je1', 'Edita Pea', 'epea1b', 'epea1b@nba.com', 'nY2?g{\"V3', 'Antipino', 'OrciLuctusEt.ppt'),
('ae7ee01987ccfa1e1f1c', 'Pruebas algunas', 'prueba3', 'prueba3@mail.com', '123098', 'Gipuzkoa', 'prueba3.png'),
('bcfee61916a9271d976e', 'zanahiria', 'zannol', 'asdfc@gde.c', '198273', 'Cantabria', 'zanahiria.png'),
('bec17643d6ebc256cec0', 'adrian', 'adriGutie', 'adri@mail.com', 'am!2Ajd1', 'Ciudad Real', 'adriGutie.png'),
('fa6b9b24af807cd344d4', 'Alegrias Facundo', 'alegria', 'asd@fwe.com', '123456', 'Cantabria', 'Alegrias Facundo');

--
-- Índices para tablas volcadas
--

--
-- Indices de la tabla `categories`
--
ALTER TABLE `categories`
  ADD PRIMARY KEY (`id`);

--
-- Indices de la tabla `favourites`
--
ALTER TABLE `favourites`
  ADD PRIMARY KEY (`id_user`,`id_race`),
  ADD KEY `id_race` (`id_race`);

--
-- Indices de la tabla `modalities`
--
ALTER TABLE `modalities`
  ADD PRIMARY KEY (`id`);

--
-- Indices de la tabla `older_clasifications`
--
ALTER TABLE `older_clasifications`
  ADD PRIMARY KEY (`id`),
  ADD KEY `id_race` (`id_race`);

--
-- Indices de la tabla `older_photos`
--
ALTER TABLE `older_photos`
  ADD PRIMARY KEY (`id`),
  ADD KEY `id_race` (`id_race`);

--
-- Indices de la tabla `organizers`
--
ALTER TABLE `organizers`
  ADD PRIMARY KEY (`id_user`);

--
-- Indices de la tabla `races`
--
ALTER TABLE `races`
  ADD PRIMARY KEY (`id`),
  ADD UNIQUE KEY `name` (`name`),
  ADD KEY `id_category` (`id_category`),
  ADD KEY `id_modality` (`id_modality`);

--
-- Indices de la tabla `races_services`
--
ALTER TABLE `races_services`
  ADD PRIMARY KEY (`id_race`,`id_service`),
  ADD KEY `id_service` (`id_service`);

--
-- Indices de la tabla `services`
--
ALTER TABLE `services`
  ADD PRIMARY KEY (`id`);

--
-- Indices de la tabla `users`
--
ALTER TABLE `users`
  ADD PRIMARY KEY (`id`),
  ADD UNIQUE KEY `username` (`username`),
  ADD UNIQUE KEY `mail` (`mail`),
  ADD UNIQUE KEY `pass` (`pass`);

--
-- Restricciones para tablas volcadas
--

--
-- Filtros para la tabla `favourites`
--
ALTER TABLE `favourites`
  ADD CONSTRAINT `favourites_ibfk_1` FOREIGN KEY (`id_user`) REFERENCES `users` (`id`),
  ADD CONSTRAINT `favourites_ibfk_2` FOREIGN KEY (`id_race`) REFERENCES `races` (`id`);

--
-- Filtros para la tabla `older_clasifications`
--
ALTER TABLE `older_clasifications`
  ADD CONSTRAINT `older_clasifications_ibfk_1` FOREIGN KEY (`id_race`) REFERENCES `races` (`id`);

--
-- Filtros para la tabla `older_photos`
--
ALTER TABLE `older_photos`
  ADD CONSTRAINT `older_photos_ibfk_1` FOREIGN KEY (`id_race`) REFERENCES `races` (`id`);

--
-- Filtros para la tabla `organizers`
--
ALTER TABLE `organizers`
  ADD CONSTRAINT `organizers_ibfk_1` FOREIGN KEY (`id_user`) REFERENCES `users` (`id`);

--
-- Filtros para la tabla `races`
--
ALTER TABLE `races`
  ADD CONSTRAINT `races_ibfk_1` FOREIGN KEY (`id_category`) REFERENCES `categories` (`id`),
  ADD CONSTRAINT `races_ibfk_2` FOREIGN KEY (`id_modality`) REFERENCES `modalities` (`id`);

--
-- Filtros para la tabla `races_services`
--
ALTER TABLE `races_services`
  ADD CONSTRAINT `races_services_ibfk_1` FOREIGN KEY (`id_race`) REFERENCES `races` (`id`),
  ADD CONSTRAINT `races_services_ibfk_2` FOREIGN KEY (`id_service`) REFERENCES `services` (`id`);
COMMIT;

/*!40101 SET CHARACTER_SET_CLIENT=@OLD_CHARACTER_SET_CLIENT */;
/*!40101 SET CHARACTER_SET_RESULTS=@OLD_CHARACTER_SET_RESULTS */;
/*!40101 SET COLLATION_CONNECTION=@OLD_COLLATION_CONNECTION */;
